Borough ,District ,School Code ,School Name ,School Type ,Enrollment (2017-2018) ,Capacity (2017-2018) ,Target Utilization % 2017-18 
,,,,,,,
Manhattan ,1,M364 ,Earth School ,Elementary ,355,234,152%
,,,,,,,
Manhattan ,1,M361 ,The Children's Workshop School ,Elementary ,315,216,146%
,,,,,,,
Manhattan ,1,M315 ,The East Village Community School ,Elementary ,318,239,133%
,,,,,,,
Manhattan ,1,M320 ,Manhattan Charter School ,Elementary ,258,203,127%
,,,,,,,
Manhattan ,1,M330 ,Girls Preparatory Charter School of New York ,K-8 ,654,612,107%
,,,,,,,
Manhattan ,1,M363 ,Neighborhood School ,Elementary ,304,286,106%
,,,,,,,
Manhattan ,1,M539 ,"New Explorations into Science, Technology and Math High School ",K-12 all grades ,"1,734","1,673",104%
,,,,,,,
Manhattan ,1,M110 ,P.S. 110 Florence Nightingale ,Elementary ,379,373,102%
,,,,,,,
Manhattan ,2,M560 ,High School M560 - City As School ,High school ,627,360,174%
,,,,,,,
Manhattan ,2,M077 ,P.S. 77 Lower Lab School ,Elementary ,358,211,170%
,,,,,,,
Manhattan ,2,M297 ,M.S. 297 ,Junior High-Intermediate-Middle ,193,119,162%
,,,,,,,
Manhattan ,2,M420 ,High School for Health Professions and Human Services ,High school ,"1,819","1,168",156%
,,,,,,,
Manhattan ,2,M170 ,Success Academy Hell's Kitchen (Manhattan 2) ,Elementary ,483,316,153%
,,,,,,,
Manhattan ,2,M150 ,P.S. 150 ,Elementary ,187,124,151%
,,,,,,,
Manhattan ,2,M255 ,M.S. 255 Salk School of Science ,Junior High-Intermediate-Middle ,386,261,148%
,,,,,,,
Manhattan ,2,M040 ,P.S. 040 Augustus Saint-Gaudens ,Elementary ,673,487,138%
,,,,,,,
Manhattan ,2,M290 ,P.S. 290 Manhattan New School ,Elementary ,631,461,137%
,,,,,,,
Manhattan ,2,M183 ,P.S. 183 Robert L. Stevenson ,Elementary ,588,443,133%
,,,,,,,
Manhattan ,2,M529 ,Jacqueline Kennedy Onassis High School ,High school ,567,437,130%
,,,,,,,
Manhattan ,2,M550 ,Liberty High School Academy for Newcomers ,High school ,427,336,127%
,,,,,,,
Manhattan ,2,M418 ,Millennium High School ,High school ,666,526,127%
,,,,,,,
Manhattan ,2,M475 ,Stuyvesant High School ,High school ,"3,336","2,734",122%
,,,,,,,
Manhattan ,2,M006 ,P.S. 006 Lillie D. Blake ,Elementary ,694,573,121%
,,,,,,,
Manhattan ,2,M397 ,Spruce Street School ,K-8 ,539,446,121%
,,,,,,,
Manhattan ,2,M267 ,"East Side Elementary School, PS 267 ",Elementary ,398,331,120%
,,,,,,,
Manhattan ,2,M896 ,Lower Manhattan Community Middle School ,Junior High-Intermediate-Middle ,385,321,120%
,,,,,,,
Manhattan ,2,M551 ,Urban Assembly New York Harbor School ,High school ,534,446,120%
,,,,,,,
Manhattan ,2,M089 ,P.S. 89 ,Elementary ,433,369,117%
,,,,,,,
Manhattan ,2,M212 ,P.S. 212 Midtown West ,Elementary ,366,314,117%
,,,,,,,
Manhattan ,2,M059 ,P.S. 059 Beekman Hill International ,Elementary ,614,528,116%
,,,,,,,
Manhattan ,2,M234 ,P.S. 234 Independence School ,Elementary ,642,558,115%
,,,,,,,
Manhattan ,2,M575 ,Manhattan Comprehensive Night and Day High School ,High school ,451,396,114%
,,,,,,,
Manhattan ,2,M400 ,High School for Environmental Studies ,High school ,"1,194","1,054",113%
,,,,,,,
Manhattan ,2,M033 ,P.S. 033 Chelsea Prep ,Elementary ,650,576,113%
,,,,,,,
Manhattan ,2,M011 ,P.S. 011 William T. Harris ,Elementary ,923,822,112%
,,,,,,,
Manhattan ,2,M276 ,Battery Park City School ,K-8 ,827,737,112%
,,,,,,,
Manhattan ,2,M225 ,Ella Baker School ,K-8 ,320,287,111%
,,,,,,,
Manhattan ,2,M439 ,Manhattan Village Academy ,High school ,456,409,111%
,,,,,,,
Manhattan ,2,M158 ,P.S. 158 Bayard Taylor ,Elementary ,793,715,111%
,,,,,,,
Manhattan ,2,M003 ,P.S. 003 Charrette School ,Elementary ,753,683,110%
,,,,,,,
Manhattan ,2,M605 ,Humanities Preparatory Academy ,High school ,235,218,108%
,,,,,,,
Manhattan ,2,M260 ,The Clinton School ,Secondary School ,604,566,107%
,,,,,,,
Manhattan ,2,M479 ,Beacon High School ,High school ,"1,380","1,304",106%
,,,,,,,
Manhattan ,2,M408 ,Professional Performing Arts High School ,Secondary School ,565,538,105%
,,,,,,,
Manhattan ,2,M523 ,Success Academy Charter School - Upper West ,K-8 ,736,702,105%
,,,,,,,
Manhattan ,2,M531 ,Repertory Company High School for Theatre Arts ,High school ,242,232,104%
,,,,,,,
Manhattan ,2,M546 ,Academy for Software Engineering ,High school ,460,441,104%
,,,,,,,
Manhattan ,2,M407 ,Institute for Collaborative Education ,Secondary School ,492,472,104%
,,,,,,,
Manhattan ,2,M041 ,P.S. 041 Greenwich Village ,Elementary ,694,669,104%
,,,,,,,
Manhattan ,2,M413 ,School of the Future High School ,Secondary School ,750,724,104%
,,,,,,,
Manhattan ,2,M527 ,P.S. 527 - East Side School for Social Action ,Elementary ,387,375,103%
Manhattan ,2,M630 ,Art and Design High School ,High school ,"1,447","1,409",103%
,,,,,,,
Manhattan ,2,M177 ,Yorkville East Middle School ,Junior High-Intermediate-Middle ,233,227,103%
,,,,,,,
Manhattan ,2,M130 ,P.S. 130 Hernando De Soto ,Elementary ,913,901,101%
,,,,,,,
Manhattan ,2,M280 ,Manhattan Early College School for Advertising ,High school ,367,363,101%
,,,,,,,
Manhattan ,2,M289 ,I.S. 289 ,Junior High-Intermediate-Middle ,283,280,101%
,,,,,,,
Manhattan ,2,M217 ,P.S./I.S. 217 Roosevelt Island ,K-8 ,616,614,100%
,,,,,,,
Manhattan ,3,M241 ,STEM Institute of Manhattan ,Elementary ,134,84,160%
,,,,,,,
Manhattan ,3,M386 ,Success Academy Charter School - Harlem 4 ,K-8 ,457,327,140%
,,,,,,,
Manhattan ,3,M485 ,Fiorello H. LaGuardia High School of Music & Art and Performing Arts ,High school ,"2,809","2,129",132%
,,,,,,,
Manhattan ,3,M333 ,P.S. 333 Manhattan School for Children ,K-8 ,753,582,129%
,,,,,,,
Manhattan ,3,M329 ,Harlem Link Charter School ,Elementary ,437,340,129%
,,,,,,,
Manhattan ,3,M199 ,P.S. 199 Jessie Isador Straus ,Elementary ,848,665,128%
,,,,,,,
Manhattan ,3,M009 ,P.S. 009 Sarah Anderson ,Elementary ,619,544,114%
,,,,,,,
Manhattan ,3,M163 ,P.S. 163 Alfred E. Smith ,Elementary ,565,525,108%
,,,,,,,
Manhattan ,3,M250 ,M.S. 250 West Side Collaborative Middle School ,Junior High-Intermediate-Middle ,178,167,107%
,,,,,,,
Manhattan ,3,M256 ,Lafayette Academy ,Junior High-Intermediate-Middle ,138,133,104%
,,,,,,,
Manhattan ,3,M862 ,Mott Hall II ,Junior High-Intermediate-Middle ,342,335,102%
,,,,,,,
Manhattan ,4,M680 ,"Heritage School, The ",High school ,294,246,120%
,,,,,,,
Manhattan ,4,M083 ,P.S. 083 Luis Munoz Rivera ,Elementary ,439,371,118%
,,,,,,,
Manhattan ,4,M012 ,Tag Young Scholars ,K-8 ,587,509,115%
,,,,,,,
Manhattan ,4,M964 ,Central Park East II ,K-8 ,448,390,115%
,,,,,,,
Manhattan ,4,M435 ,Manhattan Center for Science and Mathematics ,High school ,"1,625","1,463",111%
,,,,,,,
Manhattan ,4,M497 ,Central Park East I ,Elementary ,196,177,111%
,,,,,,,
Manhattan ,4,M708 ,Harlem Prep Charter School ,K-12 all grades ,310,291,107%
,,,,,,,
Manhattan ,4,M206 ,P.S. 206 Jose Celso Barbosa ,K-8 ,473,450,105%
,,,,,,,
Manhattan ,4,M171 ,P.S. 171 Patrick Henry ,K-8 ,725,694,104%
,,,,,,,
Manhattan ,4,M057 ,James Weldon Johnson ,K-8 ,818,787,104%
,,,,,,,
Manhattan ,4,M495 ,Park East High School ,High school ,406,404,100%
,,,,,,,
Manhattan ,5,M517 ,Teachers College Community School ,K-8 ,286,162,177%
,,,,,,,
Manhattan ,5,M125 ,P.S. 125 Ralph Bunche ,Elementary ,297,202,147%
,,,,,,,
Manhattan ,5,M318 ,Thurgood Marshall Academy Lower School ,Elementary ,221,160,138%
,,,,,,,
Manhattan ,5,M482 ,Success Academy Charter School - Harlem 5 ,K-8 ,798,585,136%
,,,,,,,
Manhattan ,5,M223 ,The Mott Hall School ,Junior High-Intermediate-Middle ,292,247,118%
,,,,,,,
Manhattan ,5,M726 ,KIPP STAR College Prep Charter School ,K-12 all grades ,670,568,118%
,,,,,,,
Manhattan ,5,M065 ,Democracy Prep Endurance Charter School ,Secondary School ,323,285,113%
,,,,,,,
Manhattan ,5,M350 ,Democracy Prep Charter School ,K-12 all grades ,693,637,109%
,,,,,,,
Manhattan ,5,M388 ,St. HOPE Leadership Academy Charter School ,Junior High-Intermediate-Middle ,301,283,106%
,,,,,,,
Manhattan ,5,M197 ,P.S. 197 John B. Russwurm ,Elementary ,314,307,102%
,,,,,,,
Manhattan ,6,M314 ,Muscota ,Elementary ,292,154,190%
,,,,,,,
Manhattan ,6,M278 ,Paula Hedbavny School ,K-8 ,559,353,158%
,,,,,,,
Manhattan ,6,M187 ,P.S./I.S. 187 Hudson Cliffs ,K-8 ,799,553,144%
,,,,,,,
Manhattan ,6,M366 ,Washington Heights Academy ,K-8 ,571,455,125%
,,,,,,,
Manhattan ,6,M103 ,Dos Puentes Elementary School ,Elementary ,351,287,122%
,,,,,,,
Manhattan ,6,M048 ,P.S. 048 P.O. Michael J. Buczek ,Elementary ,543,445,122%
,,,,,,,
Manhattan ,6,M346 ,Community Health Academy of the Heights ,Secondary School ,703,591,119%
,,,,,,,
Manhattan ,6,M210 ,P.S./I.S. 210 - Twenty-first Century Academy for Community Leadership ,K-8 ,419,356,118%
,,,,,,,
Manhattan ,6,M528 ,I.S. 528 Bea Fuller Rodgers School ,Junior High-Intermediate-Middle ,224,191,117%
,,,,,,,
Manhattan ,6,M008 ,P.S. 008 Luis Belliard ,Elementary ,532,458,116%
,,,,,,,
Manhattan ,6,M552 ,Gregorio Luperon High School for Science and Mathematics ,High school ,524,457,115%
,,,,,,,
Manhattan ,6,M311 ,Amistad Dual Language School ,K-8 ,395,346,114%
,,,,,,,
Manhattan ,6,M004 ,P.S. 004 Duke Ellington ,Elementary ,557,494,113%
,,,,,,,
Bronx ,7,X469 ,P469X - The Bronx School for Continuous Learners ,K-8 ,340,226,150%
,,,,,,,
Bronx ,7,X025 ,P.S. 025 Bilingual School ,Elementary ,540,443,122%
,,,,,,,
Bronx ,7,X389 ,Bronx Global Learning Institute for Girls Charter School ,K-8 ,436,362,120%
,,,,,,,
Bronx ,7,X364 ,South Bronx Classical Charter School II ,Elementary ,312,261,120%
,,,,,,,
Bronx ,7,X527 ,Bronx Leadership Academy II High School ,High school ,513,433,118%
,,,,,,,
Bronx ,7,X018 ,P.S. 018 John Peter Zenger ,Elementary ,603,520,116%
,,,,,,,
Bronx ,7,X030 ,P.S. 030 Wilton ,Elementary ,559,501,112%
,,,,,,,
Bronx ,7,X471 ,American Dream Charter School ,Junior High-Intermediate-Middle ,259,236,110%
,,,,,,,
Bronx ,7,X223 ,The Laboratory School of Finance and Technology: X223 ,Secondary School ,684,656,104%
,,,,,,,
Bronx ,7,X005 ,P.S. 5 Port Morris ,K-8 ,722,698,103%
,,,,,,,
Bronx ,7,X168 ,P.S. 168 ,K-12 all grades ,533,521,102%
,,,,,,,
Bronx ,7,X381 ,Bronx Haven High School ,High school ,192,189,102%
,,,,,,,
Bronx ,7,X065 ,P.S. 065 Mother Hale Academy ,Elementary ,395,390,101%
,,,,,,,
Bronx ,8,X562 ,Blueprint Middle School ,Junior High-Intermediate-Middle ,336,176,191%
,,,,,,,
Bronx ,8,X464 ,Success Academy Charter School - Bronx 4 - New York 2 ,Elementary ,527,347,152%
,,,,,,,
Bronx ,8,X014 ,P.S. X014 Senator John Calandra ,Elementary ,547,383,143%
,,,,,,,
Bronx ,8,X465 ,Boys Preparatory Charter School of New York ,Elementary ,338,238,142%
,,,,,,,
Bronx ,8,X345 ,Hyde Leadership Charter School ,K-12 all grades ,704,525,134%
,,,,,,,
Bronx ,8,X138 ,P.S. 138 Samuel Randall ,Elementary ,724,551,131%
,,,,,,,
Bronx ,8,X071 ,P.S. 071 Rose E. Scala ,K-8 ,"1,646","1,261",131%
,,,,,,,
Bronx ,8,X721 ,P.S. X721 - Stephen McSweeney School ,High school ,527,419,126%
,,,,,,,
Bronx ,8,X069 ,P.S. 069 Journey Prep School ,Elementary ,621,509,122%
,,,,,,,
Bronx ,8,X337 ,The School for Inquiry and Social Justice ,Junior High-Intermediate-Middle ,518,442,117%
,,,,,,,
Bronx ,8,X119 ,The Dr. Emmett W. Bassett School ,Elementary ,888,762,117%
,,,,,,,
Bronx ,8,X269 ,Bronx Studio School for Writers and Artists ,Secondary School ,643,559,115%
,,,,,,,
Bronx ,8,X301 ,M.S. 301 Paul L. Dunbar ,Junior High-Intermediate-Middle ,245,218,112%
,,,,,,,
Bronx ,8,X348 ,Schuylerville Preparatory High School ,High school ,376,338,111%
,,,,,,,
Bronx ,8,X130 ,P.S. 130 Abram Stevens Hewitt ,Elementary ,489,455,107%
,,,,,,,
Bronx ,8,X072 ,P.S. 072 Dr. William Dorney ,Elementary ,828,779,106%
,,,,,,,
Bronx ,8,X036 ,P.S. 036 Unionport ,Elementary ,760,716,106%
,,,,,,,
Bronx ,8,X152 ,P.S. 152 Evergreen ,Elementary ,833,789,106%
,,,,,,,
Bronx ,8,X304 ,P.S. 304 Early Childhood School ,Elementary ,507,489,104%
,,,,,,,
Bronx ,8,X448 ,Soundview Academy for Culture and Scholarship ,Junior High-Intermediate-Middle ,385,374,103%
,,,,,,,
Bronx ,8,X075 ,P.S. 75 School of Research and Discovery ,Elementary ,632,620,102%
,,,,,,,
Bronx ,8,X107 ,P.S. 107 ,Elementary ,514,505,102%
,,,,,,,
Bronx ,9,X170 ,P.S. 170 ,Early Childhood ,263,121,217%
,,,,,,,
Bronx ,9,X163 ,P.S. 163 Arthur A. Schomburg ,Elementary ,481,296,163%
,,,,,,,
Bronx ,9,X035 ,P.S. 035 Franz Siegel ,Elementary ,661,442,150%
,,,,,,,
Bronx ,9,X311 ,Lucero Elementary School ,Elementary ,402,284,142%
,,,,,,,
Bronx ,9,X327 ,Comprehensive Model School Project M.S. 327 ,Secondary School ,734,523,140%
,,,,,,,
Bronx ,9,X114 ,P.S. X114 - Luis Llorens Torres Schools ,Elementary ,753,622,121%
,,,,,,,
Bronx ,9,X294 ,The Walton Avenue School ,Elementary ,515,430,120%
,,,,,,,
Bronx ,9,X204 ,P.S. 204 Morris Heights ,Elementary ,630,537,117%
,,,,,,,
Bronx ,9,X241 ,"Urban Assembly School for Applied Math and Science, The ",Secondary School ,616,527,117%
,,,,,,,
Bronx ,9,X443 ,The Family School ,Elementary ,554,481,115%
,,,,,,,
Bronx ,9,X555 ,Mount Eden Children's Academy ,Elementary ,432,382,113%
,,,,,,,
Bronx ,9,X252 ,Mott Hall Bronx High School ,High school ,387,349,111%
,,,,,,,
Bronx ,9,X274 ,The New American Academy at Roberto Clemente State Park ,Elementary ,797,744,107%
,,,,,,,
Bronx ,9,X022 ,J.H.S. 022 Jordan L. Mott ,Junior High-Intermediate-Middle ,444,415,107%
,,,,,,,
Bronx ,9,X260 ,Bronx Center for Science and Mathematics ,High school ,463,438,106%
,,,,,,,
Bronx ,9,X525 ,Bronx Leadership Academy High School ,High school ,583,552,106%
,,,,,,,
Bronx ,9,X128 ,Mott Hall III ,Junior High-Intermediate-Middle ,363,344,106%
,,,,,,,
Bronx ,9,X454 ,Science and Technology Academy: A Mott Hall School ,Junior High-Intermediate-Middle ,447,424,105%
,,,,,,,
Bronx ,9,X303 ,I.S. X303 Leadership & Community Service ,Junior High-Intermediate-Middle ,332,319,104%
,,,,,,,
Bronx ,9,X505 ,"Bronx School for Law, Government and Justice ",Secondary School ,771,747,103%
,,,,,,,
Bronx ,9,X218 ,P.S./I.S. 218 Rafael Hernandez Dual Language Magnet School ,K-8 ,"1,009",980,103%
,,,,,,,
Bronx ,9,X361 ,The Highbridge Green School ,Junior High-Intermediate-Middle ,397,387,103%
,,,,,,,
Bronx ,9,X250 ,Eximius College Preparatory Academy: A College Board School ,High school ,432,426,101%
,,,,,,,
Bronx ,9,X110 ,P.S. 110 Theodore Schoenfeld ,Elementary ,458,452,101%
,,,,,,,
Bronx ,10,X307 ,Luisa Pineiro Fuentes School of Science and Discovery ,Elementary ,385,183,210%
,,,,,,,
Bronx ,10,X209 ,P.S. 209 ,Early Childhood ,256,154,166%
,,,,,,,
Bronx ,10,X015 ,P.S. X015 Institute for Environmental Learning ,K-8 ,480,314,153%
,,,,,,,
Bronx ,10,X226 ,P.S. 226 ,Elementary ,478,317,151%
,,,,,,,
Bronx ,10,X280 ,P.S./M.S. 280 Mosholu Parkway ,K-8 ,876,582,151%
,,,,,,,
Bronx ,10,X344 ,Ampark Neighborhood ,Elementary ,395,273,145%
,,,,,,,
Bronx ,10,X340 ,P.S. 340 ,Elementary ,646,448,144%
,,,,,,,
Bronx ,10,X007 ,Milton Fein School ,Elementary ,758,538,141%
,,,,,,,
Bronx ,10,X056 ,P.S. 056 Norwood Heights ,Elementary ,704,527,134%
,,,,,,,
Bronx ,10,X291 ,P.S. 291 ,Elementary ,638,478,133%
,,,,,,,
Bronx ,10,X032 ,P.S. 032 Belmont ,Elementary ,819,616,133%
,,,,,,,
Bronx ,10,X205 ,P.S. 205 Fiorello LaGuardia ,Elementary ,"1,019",771,132%
,,,,,,,
Bronx ,10,X081 ,P.S. 081 Robert J. Christen ,Elementary ,725,557,130%
,,,,,,,
Bronx ,10,X086 ,P.S. 086 Kingsbridge Heights ,Elementary ,"1,669","1,285",130%
,,,,,,,
Bronx ,10,X445 ,The Bronx High School of Science ,High school ,"2,995","2,307",130%
,,,,,,,
Bronx ,10,X351 ,Bronx Collaborative High School ,High school ,553,428,129%
,,,,,,,
Bronx ,10,X094 ,P.S. 094 Kings College School ,Elementary ,"1,261","1,004",126%
,,,,,,,
Bronx ,10,X008 ,P.S. 008 Isaac Varian ,Elementary ,"1,001",801,125%
,,,,,,,
Bronx ,10,X315 ,P.S. 315 Lab School ,K-8 ,249,203,123%
,,,,,,,
Bronx ,10,X024 ,P.S. 024 Spuyten Duyvil ,Elementary ,915,746,123%
,,,,,,,
Bronx ,10,X279 ,"P.S. 279 Captain Manuel Rivera, Jr. ",K-8 ,"1,092",896,122%
,,,,,,,
Bronx ,10,X696 ,High School of American Studies at Lehman College ,High school ,400,333,120%
,,,,,,,
Bronx ,10,X037 ,P.S. X037 - Multiple Intelligence School ,K-8 ,646,542,119%
,,,,,,,
Bronx ,10,X033 ,P.S. 033 Timothy Dwight ,Elementary ,919,776,118%
,,,,,,,
Bronx ,10,X390 ,M.S. 390 ,Junior High-Intermediate-Middle ,539,464,116%
,,,,,,,
Bronx ,10,X228 ,Jonas Bronck Academy ,Junior High-Intermediate-Middle ,268,231,116%
,,,,,,,
Bronx ,10,X246 ,P.S. 246 Poe Center ,Elementary ,736,638,115%
,,,,,,,
Bronx ,10,X012 ,P.S. X012 Lewis and Clark School ,Secondary School ,303,263,115%
,,,,,,,
Bronx ,10,X363 ,Academy For Personal Leadership And Excellence ,Junior High-Intermediate-Middle ,557,484,115%
,,,,,,,
Bronx ,10,X159 ,P.S. 159 Luis Munoz Marin Biling ,Elementary ,193,169,114%
,,,,,,,
Bronx ,10,X020 ,"PS/MS 20 P.O.George J. Werdann, III ",K-8 ,"1,072",960,112%
,,,,,,,
Bronx ,10,X023 ,P.S. 023 The New Children's School ,Elementary ,488,442,110%
,,,,,,,
Bronx ,10,X447 ,Creston Academy ,Junior High-Intermediate-Middle ,460,417,110%
,,,,,,,
Bronx ,10,X095 ,P.S. 095 Sheila Mencher ,K-8 ,"1,288","1,183",109%
,,,,,,,
Bronx ,10,X054 ,P.S./I.S. 54 ,Elementary ,485,448,108%
,,,,,,,
Bronx ,10,X442 ,"Celia Cruz Bronx High School of Music, The ",High school ,427,395,108%
,,,,,,,
Bronx ,10,X141 ,Riverdale / Kingsbridge Academy (Middle School / High School 141) ,Secondary School ,"1,513","1,434",106%
,,,,,,,
Bronx ,10,X434 ,Belmont Preparatory High School ,High school ,402,393,102%
,,,,,,,
Bronx ,10,X374 ,Knowledge and Power Preparatory Academy International High School (Kappa) ,High school ,488,479,102%
,,,,,,,
Bronx ,10,X360 ,P.S. 360 ,Elementary ,490,486,101%
,,,,,,,
Bronx ,11,X108 ,P.S. 108 Philip J. Abinanti ,Elementary ,614,357,172%
,,,,,,,
Bronx ,11,X019 ,P.S. 019 Judith K. Weiss ,K-8 ,511,298,171%
,,,,,,,
Bronx ,11,X357 ,Young Voices Academy of the Bronx ,Elementary ,347,212,164%
,,,,,,,
Bronx ,11,X087 ,P.S. 087 Bronx ,Elementary ,594,371,160%
,,,,,,,
Bronx ,11,X169 ,Baychester Academy ,Elementary ,409,266,154%
,,,,,,,
Bronx ,11,X718 ,Bronx Charter School for Better Learning ,Elementary ,230,151,152%
,,,,,,,
Bronx ,11,X509 ,High School of Language and Innovation ,High school ,363,244,149%
,,,,,,,
Bronx ,11,X498 ,P.S./M.S. 11X498 - VAN NEST ACADEMY ,K-8 ,636,442,144%
,,,,,,,
Bronx ,11,X041 ,P.S. 041 Gun Hill Road ,Elementary ,920,682,135%
,,,,,,,
Bronx ,11,X097 ,P.S. 097 Bronx ,Elementary ,659,490,134%
,,,,,,,
Bronx ,11,X468 ,Pelham Academy of Academics and Community Engagement ,Junior High-Intermediate-Middle ,323,243,133%
,,,,,,,
Bronx ,11,X194 ,P.S./M.S. 194 ,K-8 ,"1,326",998,133%
,,,,,,,
Bronx ,11,X567 ,Linden Tree Elementary School ,Elementary ,407,307,133%
,,,,,,,
Bronx ,11,X275 ,High School of Computers and Technology ,High school ,569,433,131%
,,,,,,,
Bronx ,11,X160 ,P.S. 160 Walt Disney ,Elementary ,410,316,130%
,,,,,,,
Bronx ,11,X078 ,P.S. 078 Anne Hutchinson ,Elementary ,824,636,130%
,,,,,,,
Bronx ,11,X175 ,P.S. 175 City Island ,K-8 ,332,269,123%
,,,,,,,
Bronx ,11,X103 ,P.S. 103 Hector Fontanez ,Elementary ,"1,129",939,120%
,,,,,,,
Bronx ,11,X484 ,Bronx Charter School for Better Learning II ,Elementary ,225,196,115%
,,,,,,,
Bronx ,11,X178 ,P.S. 178 - Dr. Selman Waksman ,Elementary ,435,381,114%
,,,,,,,
Bronx ,11,X076 ,P.S. 076 The Bennington School ,Elementary ,956,843,113%
,,,,,,,
Bronx ,11,X021 ,P.S. 021 Philip H. Sheridan ,Elementary ,707,635,111%
,,,,,,,
Bronx ,11,X083 ,P.S. 083 Donald Hertz ,K-8 ,"1,698","1,533",111%
,,,,,,,
Bronx ,11,X089 ,P.S. 089 Bronx ,K-8 ,"1,548","1,413",110%
,,,,,,,
Bronx ,11,X488 ,The Equality Charter School ,Secondary School ,269,250,108%
,,,,,,,
Bronx ,11,X326 ,Bronx Green Middle School ,Junior High-Intermediate-Middle ,395,375,105%
,,,,,,,
Bronx ,11,X096 ,P.S. 096 Richard Rodgers ,Elementary ,952,904,105%
,,,,,,,
Bronx ,11,X106 ,P.S. 106 Parkchester ,Elementary ,"1,100","1,049",105%
,,,,,,,
Bronx ,11,X121 ,P.S. 121 Throop ,Elementary ,917,880,104%
,,,,,,,
Bronx ,11,X153 ,P.S. 153 Helen Keller ,Elementary ,649,623,104%
,,,,,,,
Bronx ,11,X127 ,J.H.S. 127 The Castle Hill ,Junior High-Intermediate-Middle ,806,781,103%
,,,,,,,
Bronx ,11,X542 ,Pelham Preparatory Academy ,High school ,501,494,101%
,,,,,,,
Bronx ,11,X181 ,I.S. 181 Pablo Casals ,Junior High-Intermediate-Middle ,883,875,101%
,,,,,,,
Bronx ,12,X300 ,The School of Science and Applied Learning ,Elementary ,614,438,140%
,,,,,,,
Bronx ,12,X047 ,P.S. 047 John Randolph ,Elementary ,"1,075",769,140%
,,,,,,,
Bronx ,12,X271 ,East Bronx Academy for the Future ,Secondary School ,671,501,134%
,,,,,,,
Bronx ,12,X195 ,P.S. 195 ,Elementary ,964,727,133%
,,,,,,,
Bronx ,12,X196 ,P.S. 196 ,Elementary ,934,734,127%
,,,,,,,
Bronx ,12,X321 ,Crotona Academy High School ,High school ,128,103,124%
,,,,,,,
Bronx ,12,X691 ,Bronx Little School ,Elementary ,298,250,119%
,,,,,,,
Bronx ,12,X531 ,Archer Elementary School ,Elementary ,501,428,117%
,,,,,,,
Bronx ,12,X346 ,South Bronx Classical Charter School ,K-8 ,495,430,115%
,,,,,,,
Bronx ,12,X536 ,P.S. 536 ,Elementary ,431,396,109%
,,,,,,,
Bronx ,12,X242 ,Mott Hall V ,Secondary School ,682,635,107%
,,,,,,,
Bronx ,12,X057 ,P.S. 057 Crescent ,Elementary ,509,474,107%
,,,,,,,
Bronx ,12,X150 ,P.S. 150 Charles James Fox ,Elementary ,857,811,106%
,,,,,,,
Bronx ,12,X286 ,Fannie Lou Hamer Middle School ,Junior High-Intermediate-Middle ,276,266,104%
,,,,,,,
Bronx ,12,X316 ,Kappa III ,Junior High-Intermediate-Middle ,385,380,101%
,,,,,,,
Bronx ,12,X458 ,Samara Community School ,Elementary ,208,206,101%
,,,,,,,
Bronx ,12,X129 ,M.S. 129 Academy for Independent Learning and Leadership ,Junior High-Intermediate-Middle ,517,514,101%
,,,,,,,
Brooklyn ,13,K752 ,Success Academy Fort Greene (Brooklyn 5) ,Elementary ,369,163,226%
,,,,,,,
Brooklyn ,13,K492 ,Academy of Arts and Letters ,K-8 ,519,382,136%
,,,,,,,
Brooklyn ,13,K373 ,P.S. 373 - Brooklyn Transition Center ,High school ,407,305,133%
,,,,,,,
Brooklyn ,13,K009 ,P.S. 009 Teunis G. Bergen ,Elementary ,912,684,133%
,,,,,,,
Brooklyn ,13,K020 ,P.S. 020 Clinton Hill ,Elementary ,457,349,131%
,,,,,,,
Brooklyn ,13,K430 ,Brooklyn Technical High School ,High school ,"5,838","4,502",130%
,,,,,,,
Brooklyn ,13,K595 ,Bedford Academy High School ,High school ,364,299,122%
,,,,,,,
Brooklyn ,13,K011 ,P.S. 011 Purvis J. Behan ,Elementary ,894,798,112%
,,,,,,,
Brooklyn ,13,K077 ,P.S. K077 ,K-12 all grades ,288,274,105%
,,,,,,,
Brooklyn ,13,K483 ,The Urban Assembly School for Law and Justice ,High school ,449,437,103%
,,,,,,,
Brooklyn ,13,K536 ,Community Roots Charter School ,K-8 ,474,463,102%
,,,,,,,
Brooklyn ,13,K008 ,P.S. 008 Robert Fulton ,K-8 ,916,900,102%
,,,,,,,
Brooklyn ,14,K319 ,P.S. 319 ,Early Childhood ,129,43,300%
,,,,,,,
Brooklyn ,14,K577 ,Conselyea Preparatory School ,Junior High-Intermediate-Middle ,502,361,139%
,,,,,,,
Brooklyn ,14,K034 ,P.S. 034 Oliver H. Perry ,Elementary ,482,361,134%
,,,,,,,
Brooklyn ,14,K125 ,Success Academy Charter School - Bed-Stuy 2 ,Elementary ,339,264,128%
,,,,,,,
Brooklyn ,14,K132 ,P.S. 132 The Conselyea School ,Elementary ,723,598,121%
,,,,,,,
Brooklyn ,14,K561 ,Williamsburg Preparatory School ,High school ,676,626,108%
,,,,,,,
Brooklyn ,14,K689 ,Citizens of the World Charter School 1 Williamsburg ,Elementary ,374,347,108%
,,,,,,,
Brooklyn ,14,K478 ,"The High School for Enterprise, Business and Technology ",High school ,872,820,106%
,,,,,,,
Brooklyn ,15,K039 ,P.S. 039 Henry Bristow ,Elementary ,410,243,169%
,,,,,,,
Brooklyn ,15,K172 ,P.S. 172 Beacon School of Excellence ,Elementary ,593,373,159%
,,,,,,,
Brooklyn ,15,K107 ,P.S. 107 John W. Kimball ,Elementary ,567,370,153%
,,,,,,,
Brooklyn ,15,K118 ,The Maurice Sendak Community School ,Elementary ,307,212,145%
,,,,,,,
Brooklyn ,15,K169 ,P.S. 169 Sunset Park ,Elementary ,"1,496","1,061",141%
,,,,,,,
Brooklyn ,15,K094 ,P.S. 094 The Henry Longfellow ,Elementary ,"1,380","1,047",132%
,,,,,,,
Brooklyn ,15,K418 ,The Children's School ,Elementary ,309,235,131%
,,,,,,,
Brooklyn ,15,K154 ,The Windsor Terrace School ,Elementary ,514,394,130%
,,,,,,,
Brooklyn ,15,K001 ,P.S. 001 The Bergen ,Elementary ,"1,294","1,007",129%
,,,,,,,
Brooklyn ,15,K131 ,P.S. 131 Brooklyn ,Elementary ,999,781,128%
,,,,,,,
Brooklyn ,15,K839 ,M.S. 839 ,Junior High-Intermediate-Middle ,326,257,127%
,,,,,,,
Brooklyn ,15,K058 ,P.S. 058 The Carroll ,Elementary ,957,765,125%
,,,,,,,
Brooklyn ,15,K321 ,P.S. 321 William Penn ,Elementary ,"1,421","1,146",124%
,,,,,,,
Brooklyn ,15,K010 ,"Magnet School of Math, Science and Design Technology ",Elementary ,933,762,122%
,,,,,,,
Brooklyn ,15,K029 ,P.S. 029 John M. Harrigan ,Elementary ,927,761,122%
,,,,,,,
Brooklyn ,15,K146 ,"The Brooklyn New School, P.S. 146 ",Elementary ,686,564,122%
,,,,,,,
Brooklyn ,15,K124 ,P.S. 124 Silas B. Dutcher ,Elementary ,344,284,121%
,,,,,,,
Brooklyn ,15,K443 ,New Voices School of Academic & Creative Arts ,Junior High-Intermediate-Middle ,567,471,120%
,,,,,,,
Brooklyn ,15,K051 ,M.S. 51 William Alexander ,Junior High-Intermediate-Middle ,"1,136",955,119%
,,,,,,,
Brooklyn ,15,K516 ,Sunset Park Avenues Elementary School ,Elementary ,432,369,117%
,,,,,,,
Brooklyn ,15,K261 ,P.S. 261 Philip Livingston ,Elementary ,803,726,111%
,,,,,,,
Brooklyn ,15,K295 ,P.S. 295 ,Elementary ,452,427,106%
,,,,,,,
Brooklyn ,15,K088 ,J.H.S. 088 Peter Rouget ,Junior High-Intermediate-Middle ,"1,350","1,340",101%
,,,,,,,
Brooklyn ,15,K464 ,Park Slope Collegiate ,Secondary School ,654,652,100%
,,,,,,,
Brooklyn ,16,K406 ,"EMBER Charter School for Mindful Education, Innovation and Transformation ",K-8 ,380,357,106%
,,,,,,,
Brooklyn ,16,K628 ,Brooklyn Brownstone School ,Elementary ,266,250,106%
,,,,,,,
Brooklyn ,16,K649 ,La Cima Charter School ,Elementary ,398,377,106%
,,,,,,,
Brooklyn ,17,K399 ,P.S. 399 Stanley Eugene Clark ,Elementary ,400,184,217%
,,,,,,,
Brooklyn ,17,K590 ,Medgar Evers College Preparatory School ,Secondary School ,"1,257",723,174%
,,,,,,,
Brooklyn ,17,K333 ,Explore Exceed Charter School ,K-8 ,505,356,142%
,,,,,,,
Brooklyn ,17,K770 ,P.S. 770 New American Academy ,Elementary ,289,206,140%
,,,,,,,
Brooklyn ,17,K704 ,Explore Charter School ,K-8 ,533,390,137%
,,,,,,,
Brooklyn ,17,K742 ,Explore Empower Charter School ,K-8 ,523,398,131%
,,,,,,,
Brooklyn ,17,K249 ,P.S. 249 The Caton ,Elementary ,873,702,124%
,,,,,,,
Brooklyn ,17,K705 ,Brooklyn Arts and Science Elementary School ,Elementary ,398,323,123%
,,,,,,,
Brooklyn ,17,K692 ,Citizens of the World Charter School New York 2 Crown Heights ,Elementary ,364,307,119%
,,,,,,,
Brooklyn ,17,K316 ,P.S. 316 Elijah Stroud ,Elementary ,539,467,115%
,,,,,,,
Brooklyn ,17,K006 ,Norma Adams Clemons Academy ,Elementary ,667,639,104%
,,,,,,,
Brooklyn ,18,K736 ,New American Academy Charter School ,Elementary ,363,324,112%
,,,,,,,
Brooklyn ,18,K775 ,Leadership Preparatory Ocean Hill Charter School ,K-12 all grades ,"1,171","1,124",104%
,,,,,,,
Brooklyn ,18,K724 ,Leadership Prep Canarsie Charter School (Leadership Prep CS 4) ,K-8 ,765,751,102%
,,,,,,,
Brooklyn ,18,K066 ,P.S. 66 ,K-8 ,822,818,100%
,,,,,,,
Brooklyn ,19,K409 ,East New York Family Academy ,Secondary School ,496,300,165%
,,,,,,,
Brooklyn ,19,K108 ,P.S. 108 Sal Abbracciamento ,Elementary ,959,672,143%
,,,,,,,
Brooklyn ,19,K680 ,Achievement First Aspire Charter School ,Elementary ,571,401,142%
,,,,,,,
Brooklyn ,19,K214 ,P.S. 214 Michael Friedsam ,Elementary ,914,713,128%
,,,,,,,
Brooklyn ,19,K007 ,P.S. 007 Abraham Lincoln ,Elementary ,879,787,112%
,,,,,,,
Brooklyn ,19,K677 ,East New York Elementary School of Excellence ,Elementary ,536,500,107%
,,,,,,,
Brooklyn ,19,K639 ,Brooklyn Lab School ,High school ,384,373,103%
,,,,,,,
Brooklyn ,19,K422 ,Spring Creek Community School ,Secondary School ,478,466,103%
,,,,,,,
Brooklyn ,19,K788 ,Achievement First Linden Elementary School ,Elementary ,453,449,101%
,,,,,,,
Brooklyn ,20,K490 ,Fort Hamilton High School ,High school ,"4,582","2,391",192%
,,,,,,,
Brooklyn ,20,K127 ,P.S. 127 Mckinley Park ,Elementary ,538,303,178%
,,,,,,,
Brooklyn ,20,K445 ,New Utrecht High School ,High school ,"3,563","2,253",158%
,,,,,,,
Brooklyn ,20,K503 ,P.S. 503: The School of Discovery ,Elementary ,"1,167",738,158%
,,,,,,,
Brooklyn ,20,K247 ,P.S. 247 Brooklyn ,Elementary ,873,563,155%
,,,,,,,
Brooklyn ,20,K176 ,P.S. 176 Ovington ,Elementary ,"1,334",919,145%
,,,,,,,
Brooklyn ,20,K105 ,P.S. 105 The Blythebourne ,Elementary ,"1,507","1,057",143%
,,,,,,,
Brooklyn ,20,K205 ,P.S. 205 Clarion ,Elementary ,"1,278",902,142%
,,,,,,,
Brooklyn ,20,K310 ,The School For Future Leaders ,Elementary ,409,294,139%
,,,,,,,
Brooklyn ,20,K180 ,The SEEALL Academy ,K-8 ,"1,136",827,137%
,,,,,,,
Brooklyn ,20,K102 ,P.S. 102 The Bayview ,Elementary ,"1,432","1,050",136%
,,,,,,,
Brooklyn ,20,K971 ,"School of Math, Science, and Healthy Living ",Elementary ,357,266,134%
,,,,,,,
Brooklyn ,20,K204 ,P.S. 204 Vince Lombardi ,Elementary ,"1,178",886,133%
,,,,,,,
Brooklyn ,20,K200 ,P.S. 200 Benson School ,Elementary ,"1,316","1,001",131%
,,,,,,,
Brooklyn ,20,K185 ,P.S. 185 Walter Kassenbrock ,Elementary ,652,504,129%
,,,,,,,
Brooklyn ,20,K229 ,P.S. 229 Dyker ,K-8 ,"1,249",970,129%
,,,,,,,
Brooklyn ,20,K170 ,Ralph A. Fabrizio School ,Elementary ,"1,035",816,127%
,,,,,,,
Brooklyn ,20,K048 ,P.S. 048 Mapleton ,Elementary ,593,468,127%
,,,,,,,
Brooklyn ,20,K506 ,P.S. 506: The School of Journalism & Technology ,Elementary ,793,638,124%
,,,,,,,
Brooklyn ,20,K104 ,P.S./I.S. 104 The Fort Hamilton School ,K-8 ,"1,265","1,029",123%
,,,,,,,
Brooklyn ,20,K186 ,P.S. 186 Dr. Irving A Gladstone ,Elementary ,"1,032",846,122%
,,,,,,,
Brooklyn ,20,K069 ,P.S. 69 Vincent D. Grippo School ,Elementary ,785,645,122%
,,,,,,,
Brooklyn ,20,K505 ,Franklin Delano Roosevelt High School ,High school ,"3,061","2,552",120%
,,,,,,,
Brooklyn ,20,K264 ,P.S. 264 Bay Ridge Elementary School For The Arts ,Elementary ,480,407,118%
,,,,,,,
Brooklyn ,20,K160 ,P.S. 160 William T. Sampson ,Elementary ,"1,274","1,092",117%
,,,,,,,
Brooklyn ,20,K164 ,P.S. 164 Caesar Rodney ,Elementary ,709,608,117%
,,,,,,,
Brooklyn ,20,K259 ,J.H.S. 259 William Mckinley ,Junior High-Intermediate-Middle ,"1,852","1,590",116%
,,,,,,,
Brooklyn ,20,K201 ,J.H.S. 201 The Dyker Heights ,Junior High-Intermediate-Middle ,"1,584","1,414",112%
,,,,,,,
Brooklyn ,20,K163 ,P.S. 163 Bath Beach ,K-8 ,633,569,111%
,,,,,,,
Brooklyn ,20,K112 ,P.S. 112 Lefferts Park ,Elementary ,681,617,110%
,,,,,,,
Brooklyn ,20,K748 ,P.S. 748 Brooklyn School for Global Scholars ,Elementary ,548,499,110%
,,,,,,,
Brooklyn ,20,K223 ,J.H.S. 223 The Montauk ,Junior High-Intermediate-Middle ,950,874,109%
,,,,,,,
Brooklyn ,20,K220 ,J.H.S. 220 John J. Pershing ,Junior High-Intermediate-Middle ,"1,520","1,415",107%
,,,,,,,
Brooklyn ,20,K030 ,P.S./I.S. 30 Mary White Ovington ,K-8 ,911,850,107%
,,,,,,,
Brooklyn ,20,K227 ,J.H.S. 227 Edward B. Shallow ,Junior High-Intermediate-Middle ,"1,506","1,435",105%
,,,,,,,
Brooklyn ,20,K485 ,High School of Telecommunication Arts and Technology ,High school ,"1,278","1,220",105%
,,,,,,,
Brooklyn ,20,K609 ,Urban Assembly School for Criminal Justice ,Secondary School ,556,550,101%
,,,,,,,
Brooklyn ,20,K179 ,P.S. 179 Kensington ,Elementary ,884,876,101%
,,,,,,,
Brooklyn ,21,K253 ,P.S. 253 ,Elementary ,921,629,146%
,,,,,,,
Brooklyn ,21,K215 ,P.S. 215 Morris H. Weiss ,Elementary ,920,632,146%
,,,,,,,
Brooklyn ,21,K177 ,P.S. 177 The Marlboro ,Elementary ,"1,022",743,138%
,,,,,,,
Brooklyn ,21,K128 ,P.S. 128 Bensonhurst ,Elementary ,467,340,137%
,,,,,,,
Brooklyn ,21,K101 ,P.S. 101 The Verrazano ,Elementary ,870,636,137%
,,,,,,,
Brooklyn ,21,K097 ,P.S. 97 The Highlawn ,Elementary ,780,596,131%
,,,,,,,
Brooklyn ,21,K772 ,Success Academy Charter School - Bensonhurst - New York 3 ,Elementary ,495,381,130%
,,,,,,,
Brooklyn ,21,K344 ,Rachel Carson High School for Coastal Studies ,High school ,639,498,128%
,,,,,,,
Brooklyn ,21,K744 ,Coney Island Preparatory Public Charter School ,K-12 all grades ,679,537,126%
,,,,,,,
Brooklyn ,21,K153 ,P.S. 153 Homecrest ,Elementary ,563,457,123%
,,,,,,,
Brooklyn ,21,K281 ,I.S. 281 Joseph B Cavallaro ,Junior High-Intermediate-Middle ,"1,334","1,106",121%
,,,,,,,
Brooklyn ,21,K525 ,Edward R. Murrow High School ,High school ,"3,789","3,165",120%
,,,,,,,
Brooklyn ,21,K100 ,P.S. 100 The Coney Island School ,Elementary ,793,663,120%
,,,,,,,
Brooklyn ,21,K225 ,P.S. K225 - The Eileen E. Zaglin ,K-8 ,"1,011",848,119%
,,,,,,,
Brooklyn ,21,K690 ,Brooklyn Studio Secondary School ,Secondary School ,942,798,118%
,,,,,,,
Brooklyn ,21,K099 ,P.S. 099 Isaac Asimov ,K-8 ,876,757,116%
,,,,,,,
Brooklyn ,21,K121 ,P.S. 121 Nelson A. Rockefeller ,K-8 ,336,302,111%
,,,,,,,
Brooklyn ,21,K216 ,P.S. 216 Arturo Toscanini ,Elementary ,762,722,106%
,,,,,,,
Brooklyn ,21,K811 ,P.S. K811 Connie Lekas School ,Secondary School ,329,314,105%
,,,,,,,
Brooklyn ,21,K098 ,I.S. 98 Bay Academy ,Junior High-Intermediate-Middle ,"1,530","1,462",105%
,,,,,,,
Brooklyn ,21,K095 ,P.S. 095 The Gravesend ,K-8 ,943,904,104%
,,,,,,,
Brooklyn ,21,K540 ,John Dewey High School ,High school ,"2,309","2,219",104%
,,,,,,,
Brooklyn ,21,K209 ,P.S. 209 Margaret Mead ,K-8 ,733,707,104%
,,,,,,,
Brooklyn ,21,K212 ,P.S. 212 Lady Deborah Moody ,Elementary ,699,678,103%
,,,,,,,
Brooklyn ,21,K090 ,P.S. 90 Edna Cohen School ,Elementary ,667,650,103%
,,,,,,,
Brooklyn ,21,K410 ,Abraham Lincoln High School ,High school ,"1,998","1,957",102%
,,,,,,,
Brooklyn ,21,K288 ,P.S. 288 The Shirley Tanyhill ,K-8 ,663,652,102%
,,,,,,,
Brooklyn ,21,K226 ,P.S. 226 Alfred De B. Mason ,K-8 ,"1,030","1,029",100%
,,,,,,,
Brooklyn ,22,K405 ,Midwood High School ,High school ,"4,058","2,462",165%
,,,,,,,
Brooklyn ,22,K425 ,James Madison High School ,High school ,"3,657","2,253",162%
,,,,,,,
Brooklyn ,22,K254 ,P.S. 254 Dag Hammarskjold ,Elementary ,789,537,147%
,,,,,,,
Brooklyn ,22,K326 ,P.S. 326 ,Early Childhood ,191,130,147%
,,,,,,,
Brooklyn ,22,K195 ,P.S. 195 Manhattan Beach ,Elementary ,481,333,144%
,,,,,,,
Brooklyn ,22,K255 ,P.S. 255 Barbara Reing School ,Elementary ,936,648,144%
,,,,,,,
Brooklyn ,22,K206 ,P.S. 206 Joseph F Lamb ,K-8 ,"1,505","1,046",144%
,,,,,,,
Brooklyn ,22,K139 ,P.S. 139 Alexine A. Fenty ,Elementary ,992,788,126%
,,,,,,,
Brooklyn ,22,K207 ,P.S. 207 Elizabeth G. Leary ,K-8 ,"1,228","1,002",123%
,,,,,,,
Brooklyn ,22,K119 ,P.S. 119 Amersfort ,Elementary ,442,367,120%
,,,,,,,
Brooklyn ,22,K134 ,P.S. K134 ,Elementary ,570,475,120%
,,,,,,,
Brooklyn ,22,K234 ,J.H.S. 234 Arthur W. Cunningham ,Junior High-Intermediate-Middle ,"1,907","1,622",118%
,,,,,,,
Brooklyn ,22,K194 ,P.S. 194 Raoul Wallenberg ,Elementary ,590,504,117%
,,,,,,,
Brooklyn ,22,K535 ,Leon M. Goldstein High School for the Sciences ,High school ,"1,011",885,114%
,,,,,,,
Brooklyn ,22,K277 ,P.S. 277 Gerritsen Beach ,Elementary ,421,369,114%
,,,,,,,
Brooklyn ,22,K217 ,P.S. 217 Colonel David Marcus School ,Elementary ,"1,186","1,042",114%
,,,,,,,
Brooklyn ,22,K781 ,Success Academy Charter School - Bergen Beach - New York 4 ,Elementary ,423,372,114%
,,,,,,,
Brooklyn ,22,K222 ,P.S. 222 Katherine R. Snyder ,Elementary ,932,850,110%
,,,,,,,
Brooklyn ,22,K236 ,P.S. 236 Mill Basin ,Elementary ,554,509,109%
,,,,,,,
Brooklyn ,22,K052 ,P.S. 052 Sheepshead Bay ,Elementary ,823,757,109%
,,,,,,,
Brooklyn ,22,K315 ,P.S. K315 ,Elementary ,677,639,106%
,,,,,,,
Brooklyn ,22,K245 ,P.S. 245 ,Elementary ,308,300,103%
,,,,,,,
Brooklyn ,22,K152 ,School of Science & Technology ,Elementary ,734,720,102%
,,,,,,,
Brooklyn ,23,K711 ,Leadership Preparatory Brownsville Charter School ,K-8 ,763,694,110%
,,,,,,,
Brooklyn ,23,K777 ,Ocean Hill Collegiate Charter School ,Junior High-Intermediate-Middle ,337,322,105%
,,,,,,,
Queens ,24,Q530 ,International High School at LaGuardia Community College ,High school ,527,304,173%
,,,,,,,
Queens ,24,Q028 ,P.S. 28 - The Thomas Emanuel Early Childhood Center ,Early Childhood ,507,302,168%
,,,,,,,
Queens ,24,Q264 ,Academy of Finance and Enterprise ,High school ,598,365,164%
,,,,,,,
Queens ,24,Q089 ,P.S. 089 Elmhurst ,Elementary ,"1,961","1,305",150%
,,,,,,,
Queens ,24,Q307 ,Pioneer Academy ,Elementary ,934,641,146%
,,,,,,,
Queens ,24,Q012 ,P.S. 012 James B. Colgate ,Elementary ,"1,219",846,144%
,,,,,,,
Queens ,24,Q128 ,"P.S. 128 The Lorraine Tuzzo, Juniper Valley Elementary School ",K-8 ,969,676,143%
,,,,,,,
Queens ,24,Q520 ,Middle College High School at LaGuardia Community College ,High school ,510,357,143%
,,,,,,,
Queens ,24,Q229 ,P.S. 229 Emanuel Kaplan ,Elementary ,"1,469","1,077",136%
,,,,,,,
Queens ,24,Q330 ,Helen M. Marshall School ,Elementary ,590,433,136%
,,,,,,,
Queens ,24,Q550 ,High School for Arts and Business ,High school ,812,596,136%
,,,,,,,
Queens ,24,Q119 ,I.S. 119 The Glendale ,K-8 ,"1,277",957,133%
,,,,,,,
Queens ,24,Q585 ,Maspeth High School ,High school ,"1,196",905,132%
,,,,,,,
Queens ,24,Q087 ,P.S./I.S. 087 Middle Village ,K-8 ,606,460,132%
,,,,,,,
Queens ,24,Q016 ,P.S. Q016 The Nancy DeBenedittis School ,Elementary ,"1,574","1,223",129%
,,,,,,,
Queens ,24,Q610 ,Aviation Career & Technical Education High School ,High school ,"2,084","1,639",127%
,,,,,,,
Queens ,24,Q600 ,Queens Technical High School ,High school ,"1,546","1,228",126%
,,,,,,,
Queens ,24,Q013 ,P.S. 013 Clement C. Moore ,Elementary ,"1,597","1,282",125%
,,,,,,,
Queens ,24,Q102 ,P.S. 102 Bayview ,K-8 ,"1,326","1,071",124%
,,,,,,,
Queens ,24,Q014 ,P.S. 014 Fairview ,Elementary ,"1,691","1,370",123%
,,,,,,,
Queens ,24,Q267 ,High School of Applied Communication ,High school ,417,345,121%
,,,,,,,
Queens ,24,Q113 ,P.S./I.S. 113 Anthony J. Pranzo ,K-8 ,896,769,117%
,,,,,,,
Queens ,24,Q877 ,The 51 Avenue Academy (The Path To Academic Excellence) ,Elementary ,438,378,116%
,,,,,,,
Queens ,24,Q005 ,I.S. 5 - The Walter Crowley Intermediate School ,Junior High-Intermediate-Middle ,"1,798","1,562",115%
,,,,,,,
Queens ,24,Q019 ,P.S. 019 Marino Jeantet ,Elementary ,"1,891","1,648",115%
,,,,,,,
Queens ,24,Q110 ,P.S. 110 ,Elementary ,790,703,112%
,,,,,,,
Queens ,24,Q143 ,P.S. 143 Louis Armstrong ,Elementary ,"1,484","1,330",112%
,,,,,,,
Queens ,24,Q153 ,P.S. 153 Maspeth Elem ,Elementary ,"1,204","1,118",108%
,,,,,,,
Queens ,24,Q236 ,International High School for Health Sciences ,High school ,307,290,106%
,,,,,,,
Queens ,24,Q560 ,"Robert F. Wagner, Jr. Secondary School for Arts and Technology ",Secondary School ,665,631,105%
,,,,,,,
Queens ,24,Q199 ,P.S. 199 Maurice A. Fitzgerald ,Elementary ,898,854,105%
,,,,,,,
Queens ,24,Q058 ,P.S. 58 - The School of Heroes ,Elementary ,"1,027",977,105%
,,,,,,,
Queens ,24,Q007 ,P.S. 007 Louis F. Simeone ,Elementary ,993,952,104%
,,,,,,,
Queens ,24,Q061 ,I.S. 061 Leonardo Da Vinci ,Junior High-Intermediate-Middle ,"2,238","2,149",104%
,,,,,,,
Queens ,24,Q343 ,The Children's Lab School ,Elementary ,368,355,104%
,,,,,,,
Queens ,24,Q290 ,A.C.E. Academy for Scholars at the Geraldine Ferraro Campus ,Elementary ,542,534,101%
,,,,,,,
Queens ,24,Q277 ,The Riverview School ,K-12 all grades ,404,401,101%
,,,,,,,
Queens ,24,Q296 ,Pan American International High School ,High school ,449,448,100%
,,,,,,,
Queens ,25,Q242 ,P.S. 242 Leonard P. Stavisky Early Childhood School ,Early Childhood ,392,187,210%
,,,,,,,
Queens ,25,Q244 ,The Active Learning Elementary School ,Early Childhood ,456,252,181%
,,,,,,,
Queens ,25,Q024 ,P.S. 024 Andrew Jackson ,Elementary ,992,595,167%
,,,,,,,
Queens ,25,Q032 ,P.S. 032 State Street ,Elementary ,980,602,163%
,,,,,,,
Queens ,25,Q425 ,John Bowne High School ,High school ,"3,601","2,329",155%
,,,,,,,
Queens ,25,Q240 ,Veritas Academy ,High school ,558,363,154%
,,,,,,,
Queens ,25,Q021 ,P.S. 021 Edward Hart ,Elementary ,"1,425",931,153%
,,,,,,,
Queens ,25,Q022 ,P.S. 022 Thomas Jefferson ,Elementary ,921,621,148%
,,,,,,,
Queens ,25,Q670 ,Robert F. Kennedy Community High School ,High school ,756,515,147%
,,,,,,,
Queens ,25,Q079 ,P.S. 079 Francis Lewis ,Elementary ,"1,136",811,140%
,,,,,,,
Queens ,25,Q294 ,BELL Academy ,Junior High-Intermediate-Middle ,375,269,139%
,,,,,,,
Queens ,25,Q184 ,P.S. 184 Flushing Manor ,Elementary ,514,369,139%
,,,,,,,
Queens ,25,Q460 ,Flushing High School ,High school ,"1,692","1,235",137%
,,,,,,,
Queens ,25,Q120 ,P.S. 120 Queens ,Elementary ,"1,034",761,136%
,,,,,,,
Queens ,25,Q129 ,P.S. 129 Patricia Larkin ,Elementary ,"1,094",808,135%
,,,,,,,
Queens ,25,Q163 ,P.S. 163 Flushing Heights ,Elementary ,804,602,134%
,,,,,,,
Queens ,25,Q525 ,Townsend Harris High School ,High school ,"1,141",895,127%
,,,,,,,
Queens ,25,Q169 ,P.S. 169 Bay Terrace ,Elementary ,445,356,125%
,,,,,,,
Queens ,25,Q185 ,J.H.S. 185 Edward Bleeker ,Junior High-Intermediate-Middle ,"1,521","1,221",125%
,,,,,,,
Queens ,25,Q214 ,P.S. 214 Cadwallader Colden ,Elementary ,529,425,124%
,,,,,,,
Queens ,25,Q154 ,P.S. 154 Queens ,Elementary ,673,542,124%
,,,,,,,
Queens ,25,Q237 ,I.S. 237 ,Junior High-Intermediate-Middle ,"1,368","1,124",122%
,,,,,,,
Queens ,25,Q250 ,I.S. 250 The Robert F. Kennedy Community Middle School ,Junior High-Intermediate-Middle ,399,340,117%
,,,,,,,
Queens ,25,Q029 ,P.S. 029 Queens ,Elementary ,728,621,117%
,,,,,,,
Queens ,25,Q209 ,P.S. 209 Clearview Gardens ,Elementary ,580,499,116%
,,,,,,,
Queens ,25,Q252 ,"Queens School of Inquiry, The ",Secondary School ,576,509,113%
,,,,,,,
Queens ,25,Q025 ,I.S. 025 Adrien Block ,Junior High-Intermediate-Middle ,"1,028",911,113%
,,,,,,,
Queens ,25,Q193 ,P.S. 193 Alfred J. Kennedy ,Elementary ,587,525,112%
,,,,,,,
Queens ,25,Q281 ,East-West School of International Studies ,Secondary School ,649,593,109%
,,,,,,,
Queens ,25,Q107 ,P.S. 107 Thomas A Dooley ,Elementary ,970,895,108%
,,,,,,,
Queens ,25,Q165 ,P.S. 165 Edith K. Bergtraum ,Elementary ,767,714,107%
,,,,,,,
Queens ,25,Q020 ,P.S. 020 John Bowne ,Elementary ,"1,314","1,245",106%
,,,,,,,
Queens ,25,Q241 ,Queens High School for Language Studies ,High school ,427,406,105%
,,,,,,,
Queens ,25,Q219 ,P.S. 219 Paul Klapper ,K-8 ,642,612,105%
,,,,,,,
Queens ,25,Q200 ,P.S./M.S. 200 - The Magnet School of Global Studies and Leadership ,K-8 ,522,499,105%
,,,,,,,
Queens ,25,Q194 ,J.H.S. 194 William Carr ,Junior High-Intermediate-Middle ,"1,241","1,211",102%
,,,,,,,
Queens ,26,Q430 ,Francis Lewis High School ,High school ,"4,557","2,188",208%
,,,,,,,
Queens ,26,Q130 ,P.S. 130 ,Elementary ,397,242,164%
,,,,,,,
Queens ,26,Q415 ,Benjamin N. Cardozo High School ,High school ,"3,699","2,429",152%
,,,,,,,
Queens ,26,Q162 ,P.S. 162 John Golden ,Elementary ,680,449,151%
,,,,,,,
Queens ,26,Q203 ,P.S. 203 Oakland Gardens ,Elementary ,938,630,149%
,,,,,,,
Queens ,26,Q191 ,P.S. 191 Mayflower ,Elementary ,396,268,148%
,,,,,,,
Queens ,26,Q018 ,P.S. 018 Winchester ,Elementary ,617,423,146%
,,,,,,,
Queens ,26,Q031 ,P.S. 031 Bayside ,Elementary ,551,379,145%
,,,,,,,
Queens ,26,Q041 ,P.S. 041 Crocheron ,Elementary ,486,343,142%
,,,,,,,
Queens ,26,Q495 ,Bayside High School ,High school ,"3,024","2,144",141%
,,,,,,,
Queens ,26,Q046 ,P.S. 046 Alley Pond ,Elementary ,556,400,139%
,,,,,,,
Queens ,26,Q186 ,P.S. 186 Castlewood ,Elementary ,383,276,139%
,,,,,,,
Queens ,26,Q098 ,P.S. 098 The Douglaston School ,Elementary ,289,212,136%
,,,,,,,
Queens ,26,Q115 ,The James J. Ambrose School ,Elementary ,753,580,130%
,,,,,,,
Queens ,26,Q094 ,P.S. 094 David D. Porter ,Elementary ,328,255,129%
,,,,,,,
Queens ,26,Q178 ,P.S./ IS 178 Holliswood ,K-8 ,566,459,123%
,,,,,,,
Queens ,26,Q205 ,P.S. 205 Alexander Graham Bell ,Elementary ,325,264,123%
,,,,,,,
Queens ,26,Q216 ,J.H.S. 216 George J. Ryan ,Junior High-Intermediate-Middle ,"1,464","1,210",121%
,,,,,,,
Queens ,26,Q159 ,P.S. 159 ,Elementary ,678,562,121%
,,,,,,,
Queens ,26,Q188 ,P.S. 188 Kingsbury ,Elementary ,734,611,120%
,,,,,,,
Queens ,26,Q173 ,P.S. 173 Fresh Meadows ,Elementary ,948,801,118%
,,,,,,,
Queens ,26,Q213 ,P.S. 213 The Carl Ullman School ,Elementary ,467,410,114%
,,,,,,,
Queens ,26,Q177 ,P.S. Q177 ,K-12 all grades ,504,444,114%
,,,,,,,
Queens ,26,Q026 ,P.S. 026 Rufus King ,Elementary ,709,645,110%
,,,,,,,
Queens ,26,Q221 ,P.S. 221 THE NORTH HILLS SCHOOL ,Elementary ,628,587,107%
,,,,,,,
Queens ,26,Q566 ,"Queens High School of Teaching, Liberal Arts and the Sciences ",High school ,"1,073","1,053",102%
,,,,,,,
Queens ,27,Q066 ,P.S. 066 Jacqueline Kennedy Onassis ,Elementary ,494,214,231%
,,,,,,,
Queens ,27,Q051 ,P.S. 051 ,Early Childhood ,244,114,214%
,,,,,,,
Queens ,27,Q375 ,Success Academy Charter School - Far Rockaway ,Elementary ,271,140,194%
,,,,,,,
Queens ,27,Q320 ,New Visions Charter High School for Advanced Math and Science IV ,High school ,373,215,173%
,,,,,,,
Queens ,27,Q096 ,P.S. 096 ,Elementary ,306,179,171%
,,,,,,,
Queens ,27,Q306 ,New York City Academy for Discovery ,Elementary ,417,265,157%
,,,,,,,
Queens ,27,Q097 ,P.S. 097 Forest Park ,Elementary ,720,493,146%
,,,,,,,
Queens ,27,Q064 ,P.S. 064 Joseph P. Addabbo ,Elementary ,616,422,146%
,,,,,,,
Queens ,27,Q317 ,Waterside Children's Studio School ,Elementary ,503,354,142%
,,,,,,,
Queens ,27,Q106 ,Lighthouse Elementary School ,Elementary ,211,157,134%
,,,,,,,
Queens ,27,Q124 ,P.S. 124 Osmond A Church ,K-8 ,"1,229",947,130%
,,,,,,,
Queens ,27,Q316 ,Queens Explorers Elementary School ,Elementary ,386,302,128%
,,,,,,,
Queens ,27,Q047 ,P.S. 047 Chris Galas ,K-8 ,216,169,128%
,,,,,,,
Queens ,27,Q254 ,P.S. 254 - The Rosa Parks School ,Elementary ,648,512,127%
,,,,,,,
Queens ,27,Q146 ,P.S. 146 Howard Beach ,K-8 ,678,538,126%
,,,,,,,
Queens ,27,Q060 ,P.S. 060 Woodhaven ,Elementary ,"1,176",937,126%
,,,,,,,
Queens ,27,Q232 ,P.S. 232 Lindenwood ,K-8 ,970,773,125%
,,,,,,,
Queens ,27,Q273 ,P.S. 273 ,Elementary ,340,277,123%
,,,,,,,
Queens ,27,Q302 ,"Queens High School for Information, Research, and Technology ",High school ,443,362,122%
,,,,,,,
Queens ,27,Q062 ,P. S. 62 - Chester Park School ,Elementary ,944,774,122%
,,,,,,,
Queens ,27,Q090 ,P.S. 090 Horace Mann ,Elementary ,850,704,121%
,,,,,,,
Queens ,27,Q137 ,M.S. 137 America's School of Heroes ,Junior High-Intermediate-Middle ,"1,890","1,568",121%
,,,,,,,
Queens ,27,Q334 ,Epic High School - North ,High school ,390,324,120%
,,,,,,,
Queens ,27,Q650 ,"High School for Construction Trades, Engineering and Architecture ",High school ,"1,027",861,119%
,,,,,,,
Queens ,27,Q108 ,P.S. 108 Captain Vincent G. Fowler ,Elementary ,"1,471","1,244",118%
,,,,,,,
Queens ,27,Q065 ,P.S. 65 - The Raymond York Elementary School ,Elementary ,456,390,117%
,,,,,,,
Queens ,27,Q261 ,Voyages Prep - South Queens ,High school ,299,258,116%
,,,,,,,
Queens ,27,Q105 ,P.S. 105 The Bay School ,K-8 ,815,730,112%
,,,,,,,
Queens ,27,Q114 ,P.S./M.S. 114 Belle Harbor ,K-8 ,669,607,110%
,,,,,,,
Queens ,27,Q253 ,P.S. 253 ,Elementary ,562,510,110%
,,,,,,,
Queens ,27,Q063 ,P.S. 063 Old South ,Elementary ,"1,227","1,124",109%
,,,,,,,
Queens ,27,Q056 ,P.S. 056 Harry Eichler ,Elementary ,387,355,109%
,,,,,,,
Queens ,27,Q104 ,P.S. 104 The Bays Water ,Elementary ,689,633,109%
,,,,,,,
Queens ,27,Q314 ,Epic High School - South ,High school ,329,307,107%
,,,,,,,
Queens ,27,Q323 ,Scholars' Academy ,Secondary School ,"1,376","1,290",107%
,,,,,,,
Queens ,27,Q123 ,P.S. 123 ,Elementary ,688,647,106%
,,,,,,,
Queens ,27,Q480 ,John Adams High School ,High school ,"2,281","2,167",105%
,,,,,,,
Queens ,27,Q202 ,J.H.S. 202 Robert H. Goddard ,Junior High-Intermediate-Middle ,"1,097","1,060",103%
,,,,,,,
Queens ,27,Q308 ,Robert H. Goddard High School of Communication Arts and Technology ,High school ,621,602,103%
,,,,,,,
Queens ,27,Q362 ,Wave Preparatory Elementary School ,Elementary ,554,538,103%
,,,,,,,
Queens ,27,Q100 ,P.S. 100 Glen Morris ,Elementary ,957,932,103%
,,,,,,,
Queens ,27,Q155 ,P.S. 155 ,Elementary ,520,513,101%
,,,,,,,
Queens ,28,Q440 ,Forest Hills High School ,High school ,"3,783","2,018",187%
,,,,,,,
Queens ,28,Q303 ,The Academy for Excellence through the Arts ,Early Childhood ,207,112,185%
,,,,,,,
Queens ,28,Q101 ,P.S. 101 School in the Gardens ,Elementary ,654,401,163%
,,,,,,,
Queens ,28,Q144 ,P.S. 144 Col Jeromus Remsen ,Elementary ,893,556,161%
,,,,,,,
Queens ,28,Q358 ,M.S. 358 ,Junior High-Intermediate-Middle ,381,254,150%
,,,,,,,
Queens ,28,Q054 ,P.S. 054 Hillside ,Elementary ,565,380,149%
,,,,,,,
Queens ,28,Q196 ,P.S. 196 Grand Central Parkway ,Elementary ,993,739,134%
,,,,,,,
Queens ,28,Q220 ,P.S. 220 Edward Mandel ,Elementary ,706,527,134%
,,,,,,,
Queens ,28,Q206 ,P.S. 206 The Horace Harding School ,Elementary ,610,473,129%
,,,,,,,
Queens ,28,Q505 ,Hillcrest High School ,High school ,"3,367","2,626",128%
,,,,,,,
Queens ,28,Q687 ,Queens High School for the Sciences at York College ,High school ,473,372,127%
,,,,,,,
Queens ,28,Q121 ,P.S. 121 Queens ,Elementary ,928,731,127%
,,,,,,,
Queens ,28,Q686 ,Queens Metropolitan High School ,High school ,"1,091",862,127%
,,,,,,,
Queens ,28,Q048 ,P.S. 048 William Wordsworth ,Elementary ,601,478,126%
,,,,,,,
Queens ,28,Q175 ,P.S. 175 The Lynn Gross Discovery School ,Elementary ,808,643,126%
,,,,,,,
Queens ,28,Q287 ,The Emerson School ,Junior High-Intermediate-Middle ,365,291,125%
,,,,,,,
Queens ,28,Q174 ,P.S. 174 William Sidney Mount ,Elementary ,673,538,125%
,,,,,,,
Queens ,28,Q620 ,Thomas A. Edison Career and Technical Education High School ,High school ,"2,133","1,747",122%
,,,,,,,
Queens ,28,Q082 ,P.S. 082 Hammond ,Elementary ,656,554,118%
,,,,,,,
Queens ,28,Q086 ,P.S. Q086 ,Elementary ,944,800,118%
,,,,,,,
Queens ,28,Q161 ,P.S. 161 Arthur Ashe School ,Elementary ,708,602,118%
,,,,,,,
Queens ,28,Q157 ,J.H.S. 157 Stephen A. Halsey ,Junior High-Intermediate-Middle ,"1,636","1,417",115%
,,,,,,,
Queens ,28,Q055 ,P.S. 055 Maure ,Elementary ,513,457,112%
,,,,,,,
Queens ,28,Q896 ,"Young Women's Leadership School, Queens ",Secondary School ,563,507,111%
,,,,,,,
Queens ,28,Q284 ,York Early College Academy ,Secondary School ,646,582,111%
,,,,,,,
Queens ,28,Q139 ,P.S. 139 Rego Park ,Elementary ,750,685,109%
,,,,,,,
Queens ,28,Q680 ,Queens Gateway to Health Sciences Secondary School ,Secondary School ,690,640,108%
,,,,,,,
Queens ,28,Q117 ,P.S. 117 J. Keld / Briarwood School ,Elementary ,"1,016",965,105%
,,,,,,,
Queens ,28,Q325 ,Hillside Arts & Letters Academy ,High school ,467,454,103%
,,,,,,,
Queens ,28,Q182 ,P.S. 182 Samantha Smith ,Elementary ,760,748,102%
,,,,,,,
Queens ,28,Q167 ,Metropolitan Expeditionary Learning School ,Secondary School ,841,834,101%
,,,,,,,
Queens ,28,Q312 ,Jamaica Children's School ,Elementary ,153,152,101%
,,,,,,,
Queens ,29,Q095 ,P.S. 095 Eastwood ,Elementary ,"1,490",974,153%
,,,,,,,
Queens ,29,Q131 ,P.S. 131 Abigail Adams ,Elementary ,812,552,147%
,,,,,,,
Queens ,29,Q015 ,P.S. 015 Jackie Robinson ,Elementary ,433,313,138%
,,,,,,,
Queens ,29,Q270 ,The Gordon Parks School ,K-8 ,753,556,135%
,,,,,,,
Queens ,29,Q034 ,P.S. 034 John Harvard ,Elementary ,580,464,125%
,,,,,,,
Queens ,29,Q035 ,P.S. 035 Nathaniel Woodhull ,Elementary ,706,568,124%
,,,,,,,
Queens ,29,Q132 ,P.S. 132 Ralph Bunche ,Elementary ,391,317,123%
,,,,,,,
Queens ,29,Q036 ,P.S. 036 Saint Albans School ,Elementary ,449,365,123%
,,,,,,,
Queens ,29,Q251 ,P.S. 251 Queens ,Elementary ,339,281,121%
,,,,,,,
Queens ,29,Q038 ,P.S. 038 Rosedale ,Elementary ,270,231,117%
,,,,,,,
Queens ,29,Q268 ,P.S./I.S. 268 ,K-8 ,632,576,110%
,,,,,,,
Queens ,29,Q116 ,P.S./I.S. 116 William C. Hughley ,K-8 ,792,726,109%
,,,,,,,
Queens ,29,Q195 ,P.S. 195 William Haberle ,Elementary ,564,536,105%
,,,,,,,
Queens ,29,Q339 ,Success Academy Charter School - Springfield Gardens - New York 6 ,Elementary ,481,458,105%
,,,,,,,
Queens ,29,Q283 ,Preparatory Academy for Writers: A College Board School ,Secondary School ,588,560,105%
,,,,,,,
Queens ,29,Q033 ,P.S. 033 Edward M. Funk ,Elementary ,974,940,104%
,,,,,,,
Queens ,30,Q228 ,The Ivan Lafayette Early Childhood School of the Arts ,Early Childhood ,314,162,194%
,,,,,,,
Queens ,30,Q575 ,Academy of American Studies ,High school ,"1,038",581,179%
,,,,,,,
Queens ,30,Q304 ,VOICE Charter School of New York ,K-8 ,267,161,166%
,,,,,,,
Queens ,30,Q222 ,P.S. Q222 - Fire Fighter Christopher A. Santora School ,Early Childhood ,281,176,160%
,,,,,,,
Queens ,30,Q300 ,The 30th Avenue School (G&T Citywide) ,K-8 ,457,307,149%
,,,,,,,
Queens ,30,Q212 ,P.S. 212 ,Elementary ,784,534,147%
,,,,,,,
Queens ,30,Q085 ,P.S. 085 Judge Charles Vallone ,Elementary ,657,469,140%
,,,,,,,
Queens ,30,Q280 ,P.S. 280 ,Elementary ,688,496,139%
,,,,,,,
Queens ,30,Q502 ,Information Technology High School ,High school ,"1,007",751,134%
,,,,,,,
Queens ,30,Q580 ,Baccalaureate School for Global Education ,Secondary School ,540,412,131%
,,,,,,,
Queens ,30,Q675 ,The Renaissance School ,Collaborative or Multi-graded ,565,446,127%
,,,,,,,
Queens ,30,Q555 ,Newcomers High School ,High school ,911,737,124%
,,,,,,,
Queens ,30,Q112 ,P.S. 112 Dutch Kills ,Elementary ,485,399,122%
,,,,,,,
Queens ,30,Q329 ,East Elmhurst Community School ,Elementary ,380,325,117%
,,,,,,,
Queens ,30,Q230 ,I.S. 230 ,Junior High-Intermediate-Middle ,"1,296","1,131",115%
,,,,,,,
Queens ,30,Q017 ,P.S. 017 Henry David Thoreau ,Elementary ,547,484,113%
,,,,,,,
Queens ,30,Q127 ,P.S. 127 Aerospace Science Magnet School ,K-8 ,"1,299","1,165",112%
,,,,,,,
Queens ,30,Q152 ,P.S. 152 Gwendoline N. Alleyne School ,Elementary ,"1,104",991,111%
,,,,,,,
Queens ,30,Q501 ,Frank Sinatra School of the Arts High School ,High school ,831,748,111%
,,,,,,,
Queens ,30,Q148 ,P.S. 148 Queens ,Elementary ,919,831,111%
,,,,,,,
Queens ,30,Q069 ,P.S. 069 Jackson Heights ,Elementary ,"1,033",939,110%
,,,,,,,
Queens ,30,Q122 ,P.S. 122 Mamie Fay ,K-8 ,"1,361","1,249",109%
,,,,,,,
Queens ,30,Q450 ,Long Island City High School ,High school ,"2,256","2,087",108%
,,,,,,,
Queens ,30,Q291 ,Hunters Point Community Middle School ,Junior High-Intermediate-Middle ,421,398,106%
,,,,,,,
Queens ,30,Q149 ,P.S. 149 Christa Mcauliffe ,Elementary ,"1,054","1,005",105%
,,,,,,,
Queens ,30,Q286 ,"Young Women's Leadership School, Astoria ",Secondary School ,565,539,105%
,,,,,,,
Queens ,30,Q301 ,Academy for Careers in Television and Film ,High school ,565,548,103%
,,,,,,,
Queens ,30,Q145 ,I.S. 145 Joseph Pulitzer ,Junior High-Intermediate-Middle ,"1,699","1,658",102%
,,,,,,,
Staten Island ,31,R020 ,P.S. 020 Port Richmond ,Elementary ,464,201,231%
,,,,,,,
Staten Island ,31,R026 ,P.S. 026 The Carteret School ,Elementary ,264,133,198%
,,,,,,,
Staten Island ,31,R035 ,P.S. 35 The Clove Valley School ,Elementary ,395,200,198%
,,,,,,,
Staten Island ,31,R005 ,P.S. 005 Huguenot ,Elementary ,302,180,168%
,,,,,,,
Staten Island ,31,R039 ,P.S. 39 Francis J. Murphy Jr. ,Elementary ,548,337,163%
,,,,,,,
Staten Island ,31,R013 ,P.S. 013 M. L. Lindemeyer ,Elementary ,881,556,158%
,,,,,,,
Staten Island ,31,R010 ,Fort Hill Collaborative Elementary School ,Elementary ,165,107,154%
,,,,,,,
Staten Island ,31,R053 ,The Barbara Esselborn School ,Elementary ,833,546,153%
,,,,,,,
Staten Island ,31,R450 ,Curtis High School ,High school ,"2,587","1,812",143%
,,,,,,,
Staten Island ,31,R029 ,P.S. 029 Bardwell ,Elementary ,644,456,141%
,,,,,,,
Staten Island ,31,R074 ,P.S. 74 Future Leaders Elementary School ,Elementary ,312,226,138%
,,,,,,,
Staten Island ,31,R861 ,Staten Island School of Civic Leadership ,K-8 ,906,665,136%
,,,,,,,
Staten Island ,31,R065 ,P.S. 65 The Academy of Innovative Learning ,Elementary ,430,316,136%
,,,,,,,
Staten Island ,31,R045 ,P.S. 045 John Tyler ,Elementary ,862,640,135%
,,,,,,,
Staten Island ,31,R038 ,P.S. 038 George Cromwell ,Elementary ,376,287,131%
,,,,,,,
Staten Island ,31,R011 ,P.S. 11 Thomas Dongan School ,Elementary ,314,245,128%
,,,,,,,
Staten Island ,31,R008 ,P.S. 8 Shirlee Solomon ,Elementary ,601,472,127%
,,,,,,,
Staten Island ,31,R019 ,P.S. 019 The Curtis School ,Elementary ,591,468,126%
,,,,,,,
Staten Island ,31,R078 ,P.S. 78 ,Elementary ,845,676,125%
,,,,,,,
Staten Island ,31,R055 ,P.S. 055 Henry M. Boehm ,Elementary ,600,495,121%
,,,,,,,
Staten Island ,31,R048 ,P.S. 048 William G. Wilcox ,K-8 ,981,810,121%
,,,,,,,
Staten Island ,31,R030 ,P.S. 030 Westerleigh ,Elementary ,822,684,120%
,,,,,,,
Staten Island ,31,R023 ,P.S. 023 Richmondtown ,Elementary ,564,470,120%
,,,,,,,
Staten Island ,31,R054 ,P.S. 054 Charles W. Leng ,Elementary ,806,680,119%
,,,,,,,
Staten Island ,31,R041 ,The Stephanie A. Vierno School ,Elementary ,685,579,118%
,,,,,,,
Staten Island ,31,R003 ,P.S. 003 The Margaret Gioiosa School ,Elementary ,791,674,117%
,,,,,,,
Staten Island ,31,R460 ,Susan E. Wagner High School ,High school ,"3,284","2,809",117%
,,,,,,,
Staten Island ,31,R042 ,P.S. 042 Eltingville ,Elementary ,"1,042",908,115%
,,,,,,,
Staten Island ,31,R046 ,P.S. 046 Albert V. Maniscalco ,Elementary ,269,235,114%
,,,,,,,
Staten Island ,31,R044 ,P.S. 044 Thomas C. Brown ,Elementary ,879,769,114%
,,,,,,,
Staten Island ,31,R063 ,Marsh Avenue School for Expeditionary Learning ,Junior High-Intermediate-Middle ,459,404,114%
,,,,,,,
,,,,,,,
Staten Island ,31,R022 ,P.S. 022 Graniteville ,Elementary ,983,916,107%
,,,,,,,
Staten Island ,31,R605 ,Staten Island Technical High School ,High school ,"1,320","1,242",106%
,,,,,,,
Staten Island ,31,R037 ,The David Marquis School of the Arts ,K-12 all grades ,59,57,104%
,,,,,,,
Staten Island ,31,R050 ,P.S. 050 Frank Hankinson ,Elementary ,774,755,103%
,,,,,,,
Staten Island ,31,R018 ,P.S. 018 John G. Whittier ,Elementary ,573,563,102%
,,,,,,,
Staten Island ,31,R016 ,P.S. 016 John J. Driscoll ,Elementary ,522,515,101%
,,,,,,,
Staten Island ,31,R051 ,I.S. 051 Edwin Markham ,Junior High-Intermediate-Middle ,"1,315","1,299",101%
,,,,,,,
Staten Island ,31,R021 ,P.S. 21 Margaret Emery-Elm Park ,Elementary ,367,364,101%
,,,,,,,
Staten Island ,31,R009 ,Naples Street Elementary School ,Elementary ,298,296,101%
,,,,,,,
Staten Island ,31,R058 ,Space Shuttle Columbia School ,Elementary ,688,685,100%
,,,,,,,
Brooklyn ,32,K784 ,Achievement First North Brooklyn Prep Charter School ,Elementary ,416,347,120%
,,,,,,,