Borough,District,Building Code,Building Name,Building Enrollment (2016-2017 Blue Book),Building Capacity (2016-2017 Blue Book),School DBN,School Name,Building Usage Plans Not Yet At Scale in 2018-2019
M,1,M019[1],P.S. 19 - MANHATTAN,398,689,01M019,P.S. 019 Asher Levy,
M,1,M019,P.S. 19 - MANHATTAN,398,689,01M301,"Technology, Arts, and Sciences Studio",
M,1,M025,J.H.S. 25 - MANHATTAN,1046,1487,01M378,School for Global Leaders,
M,1,M025,J.H.S. 25 - MANHATTAN,1046,1487,01M509,Marta Valle High School,
M,1,M025,J.H.S. 25 - MANHATTAN,1046,1487,01M515,Lower East Side Preparatory High School,
M,1,M056,J.H.S. 56 - MANHATTAN,602,1268,01M292,Orchard Collegiate Academy,
M,1,M056,J.H.S. 56 - MANHATTAN,602,1268,01M332,University Neighborhood Middle School,
M,1,M056,J.H.S. 56 - MANHATTAN,602,1268,79M973,Restart Academy,
M,1,M056,J.H.S. 56 - MANHATTAN,602,1268,84M080,Manhattan Charter School II,
M,2,M002,P.S. 2 - MANHATTAN,603,964,02M002,P.S. 002 Meyer London,
M,2,M047,J.H.S. 47 (SCH FOR THE DEAF) - M,413,807,02M047,47 The American Sign Language and English Secondary School,
M,2,M047,J.H.S. 47 (SCH FOR THE DEAF) - M,413,807,02M347,The 47 American Sign Language & English Lower School,
M,2,M047,J.H.S. 47 (SCH FOR THE DEAF) - M,413,807,75M138,P.S. 138,
M,2,M111,P.S. 111 - MANHATTAN,334,687,02M111,P.S. 111 Adolph S. Ochs,
M,2,M111,P.S. 111 - MANHATTAN,334,687,84M263,New York City Charter School of the Arts,
M,2,M440,BAYARD RUSTIN EDUCATIONAL COMP-M,2438,2741,02M313,"James Baldwin School, The: A School for Expeditionary Learning",
M,2,M440,BAYARD RUSTIN EDUCATIONAL COMP-M,2438,2741,02M392,MANHATTAN BUSINESS ACADEMY,
M,2,M440,BAYARD RUSTIN EDUCATIONAL COMP-M,2438,2741,02M419,Landmark High School,
M,2,M440,BAYARD RUSTIN EDUCATIONAL COMP-M,2438,2741,02M422,Quest to Learn,
M,2,M440,BAYARD RUSTIN EDUCATIONAL COMP-M,2438,2741,02M437,Hudson High School of Learning Technologies,
M,2,M440,BAYARD RUSTIN EDUCATIONAL COMP-M,2438,2741,02M605,Humanities Preparatory Academy,
M,2,M440,BAYARD RUSTIN EDUCATIONAL COMP-M,2438,2741,75M751,Manhattan School for Career Development,
M,2,M445,SEWARD PARK HS - MANHATTAN,1826,2176,02M294,Essex Street Academy,
M,2,M445,SEWARD PARK HS - MANHATTAN,1826,2176,02M305,"Urban Assembly Academy of Government and Law, The",
M,2,M445,SEWARD PARK HS - MANHATTAN,1826,2176,02M308,Lower Manhattan Arts Academy,
M,2,M445,SEWARD PARK HS - MANHATTAN,1826,2176,02M543,New Design High School,
M,2,M445,SEWARD PARK HS - MANHATTAN,1826,2176,02M545,High School for Dual Language and Asian Studies,
M,2,M460,WASHINGTON IRVING HS - MANHATTAN,2614,2923,02M374,Gramercy Arts High School,
M,2,M460,WASHINGTON IRVING HS - MANHATTAN,2614,2923,02M399,The High School For Language And Diplomacy,
M,2,M460,WASHINGTON IRVING HS - MANHATTAN,2614,2923,02M438,International High School at Union Square,
M,2,M460,WASHINGTON IRVING HS - MANHATTAN,2614,2923,02M473,Washington Irving YABC,
M,2,M460,WASHINGTON IRVING HS - MANHATTAN,2614,2923,02M533,Union Square Academy for Health Sciences,
M,2,M460,WASHINGTON IRVING HS - MANHATTAN,2614,2923,02M546,Academy for Software Engineering,
M,2,M460,WASHINGTON IRVING HS - MANHATTAN,2614,2923,84M174,Success Academy Union Square (Manhattan 1),
M,2,M480,JULIA RICHMAN ED. COMPLEX - M,1815,2174,02M225,Ella Baker School,
M,2,M480,JULIA RICHMAN ED. COMPLEX - M,1815,2174,02M449,Vanguard High School,
M,2,M480,JULIA RICHMAN ED. COMPLEX - M,1815,2174,02M459,Manhattan International High School,
M,2,M480,JULIA RICHMAN ED. COMPLEX - M,1815,2174,02M519,Talent Unlimited High School,
M,2,M480,JULIA RICHMAN ED. COMPLEX - M,1815,2174,02M565,Urban Academy Laboratory High School,
M,2,M480,JULIA RICHMAN ED. COMPLEX - M,1815,2174,75M226,P.S. M226,
M,2,M480,JULIA RICHMAN ED. COMPLEX - M,1815,2174,79M984,LYFE,
M,2,M520,MURRY BERGTRAUM HS (ECF) - M,1291,2122,02M135,The Urban Assembly School for Emergency Management,Y
M,2,M520,MURRY BERGTRAUM HS (ECF) - M,1291,2122,02M280,Manhattan Early College School for Advertising,Y
M,2,M520,MURRY BERGTRAUM HS (ECF) - M,1291,2122,02M282,Urban Assembly Maker Academy,Y
M,2,M520,MURRY BERGTRAUM HS (ECF) - M,1291,2122,02M520,Murry Bergtraum High School for Business Careers,Y
M,2,M535,PARK WEST HS (ECF) - MANHATTAN,2218,3135,02M288,Food and Finance High School,
M,2,M535,PARK WEST HS (ECF) - MANHATTAN,2218,3135,02M296,High School of Hospitality Management,
M,2,M535,PARK WEST HS (ECF) - MANHATTAN,2218,3135,02M300,"Urban Assembly School of Design and Construction, The",
M,2,M535,PARK WEST HS (ECF) - MANHATTAN,2218,3135,02M303,"Facing History School, The",
M,2,M535,PARK WEST HS (ECF) - MANHATTAN,2218,3135,02M542,Manhattan Bridges High School,
M,2,M535,PARK WEST HS (ECF) - MANHATTAN,2218,3135,75M138,P.S. 138,
M,2,M600,FASHION INDUSTRIES VOC HS - M,1680,2081,02M600,The High School of Fashion Industries,
M,2,M600,FASHION INDUSTRIES VOC HS - M,1680,2081,75M751,Manhattan School for Career Development,
M,2,M620,NORMAN THOMAS HS (ECF) - MANHATTAN,1160,2233,02M427,MANHATTAN ACADEMY FOR ARTS & LANGUAGE,Y
M,2,M620,NORMAN THOMAS HS (ECF) - MANHATTAN,1160,2233,02M432,Murray Hill Academy,Y
M,2,M620,NORMAN THOMAS HS (ECF) - MANHATTAN,1160,2233,02M500,Unity Center for Urban Technologies,Y
M,2,M620,NORMAN THOMAS HS (ECF) - MANHATTAN,1160,2233,84M351,Success Academy Charter School - Harlem 1,Y
M,2,M620,NORMAN THOMAS HS (ECF) - MANHATTAN,1160,2233,84M385,Success Academy Charter School - Harlem 3,Y
M,2,M827,AUX. SERV-MAN. LEARNING CENTER - M,335,909,79M645,School for Cooperative Technical Education,
M,2,M827,AUX. SERV-MAN. LEARNING CENTER - M,335,909,79M984,LYFE,
M,2,M827,AUX. SERV-MAN. LEARNING CENTER - M,335,909,79Q950,Pathways to Graduation,
M,3,M088,I.S. 88 - MANHATTAN,1051,1538,03M415,Wadleigh Secondary School for the Performing & Visual Arts,
M,3,M088,I.S. 88 - MANHATTAN,1051,1538,03M860,Frederick Douglass Academy II Secondary School,
M,3,M088,I.S. 88 - MANHATTAN,1051,1538,84M351,Success Academy Charter School - Harlem 1,
M,3,M149,P.S. 149 (TANDEM M207) - MANHATTAN,859,1195,03M149,P.S. 149 Sojourner Truth,
M,3,M149,P.S. 149 (TANDEM M207) - MANHATTAN,859,1195,75M811,P.S. M811 - Mickey Mantle School,
M,3,M149,P.S. 149 (TANDEM M207) - MANHATTAN,859,1195,84M351,Success Academy Charter School - Harlem 1,
M,3,M470,LOUIS D. BRANDEIS HS - MANHATTAN,1798,2251,03M402,The Urban Assembly School for Green Careers,
M,3,M470,LOUIS D. BRANDEIS HS - MANHATTAN,1798,2251,03M403,The Global Learning Collaborative,
M,3,M470,LOUIS D. BRANDEIS HS - MANHATTAN,1798,2251,03M404,Innovation Diploma Plus,
M,3,M470,LOUIS D. BRANDEIS HS - MANHATTAN,1798,2251,03M417,Frank Mccourt High School,
M,3,M470,LOUIS D. BRANDEIS HS - MANHATTAN,1798,2251,79M984,LYFE,
M,3,M470,LOUIS D. BRANDEIS HS - MANHATTAN,1798,2251,84M523,Success Academy Charter School - Upper West,
M,3,M490,"MARTIN LUTHER KING, JR. HS - M",2517,3544,03M299,The Maxine Greene HS for Imaginative Inquiry,
M,3,M490,"MARTIN LUTHER KING, JR. HS - M",2517,3544,03M307,"Urban Assembly School for Media Studies, The",
M,3,M490,"MARTIN LUTHER KING, JR. HS - M",2517,3544,03M492,"High School for Law, Advocacy and Community Justice",
M,3,M490,"MARTIN LUTHER KING, JR. HS - M",2517,3544,03M494,High School of Arts and Technology,
M,3,M490,"MARTIN LUTHER KING, JR. HS - M",2517,3544,03M541,Manhattan / Hunter Science High School,
M,3,M490,"MARTIN LUTHER KING, JR. HS - M",2517,3544,03M859,Special Music School,
M,3,M837,BEACON HS - MANHATTAN,240,1062,03M291,West End Secondary School,Y
M,4,M045,I.S. 45 - MANHATTAN,926,1379,04M409,Coalition School for Social Change,
M,4,M045,I.S. 45 - MANHATTAN,926,1379,84M335,Harlem Village Academy Leadership Charter School,
M,4,M096,P.S. 96 - MANHATTAN,450,770,04M096,P.S. 096 Joseph Lanzetta,
M,4,M099,I.S. 99 - MANHATTAN,942,1260,04M224,M.S. 224 Manhattan East School for Arts & Academics,
M,4,M099,I.S. 99 - MANHATTAN,942,1260,84M385,Success Academy Charter School - Harlem 3,
M,4,M099,I.S. 99 - MANHATTAN,942,1260,84M433,Renaissance Charter High School for Innovation,
M,4,M108[2],P.S. 108 - MANHATTAN,591,834,04M108,P.S. 108 Assemblyman Angelo Del Toro Educational Complex,
M,4,M108,P.S. 108 - MANHATTAN,591,834,04M964,Central Park East II,
M,4,M112[3],P.S. 112 (TANDEM M206) - MANHATTAN,990,1174,04M037,River East Elementary,
M,4,M112,P.S. 112 (TANDEM M206) - MANHATTAN,990,1174,04M112,P.S. 112 Jose Celso Barbosa,
M,4,M112,P.S. 112 (TANDEM M206) - MANHATTAN,990,1174,04M206,P.S. 206 Jose Celso Barbosa,
M,5,M030,P.S. 30 - MANHATTAN,888,1196,05M030,P.S. 030 Hernandez/Hughes,
M,5,M030,P.S. 30 - MANHATTAN,888,1196,75M138,P.S. 138,
M,5,M030,P.S. 30 - MANHATTAN,888,1196,84M384,Success Academy Charter School - Harlem 2,
M,5,M036,P.S. 36 - MANHATTAN,427,766,05M036,P.S. 036 Margaret Douglas,
M,5,M043,I.S. 172 (OLD 43) - MANHATTAN,988,1572,05M286,Urban Assembly Academy for Future Leaders,
M,5,M043,I.S. 172 (OLD 43) - MANHATTAN,988,1572,05M367,Academy for Social Action,
M,5,M043,I.S. 172 (OLD 43) - MANHATTAN,988,1572,05M369,Urban Assembly School for the Performing Arts,
M,5,M043,I.S. 172 (OLD 43) - MANHATTAN,988,1572,84M384,Success Academy Charter School - Harlem 2,
M,5,M136,I.S. 136 - MANHATTAN,783,1180,05M148,Eagle Academy for Young Men of Harlem,Y
M,5,M136,I.S. 136 - MANHATTAN,783,1180,05M302,KAPPA IV,Y
M,5,M136,I.S. 136 - MANHATTAN,783,1180,05M304,Mott Hall High School,Y
M,6,M052,I.S. 52 - MANHATTAN,838,1242,06M052,J.H.S. 052 Inwood,Y
M,6,M052,I.S. 52 - MANHATTAN,838,1242,06M211,Inwood Early College for Health and Information Technologies,Y
M,6,M052,I.S. 52 - MANHATTAN,838,1242,06M423,High School for Excellence and Innovation,Y
M,6,M090,I.S. 90 - MANHATTAN,1324,1666,06M319,M.S. 319 - Maria Teresa,
M,6,M090,I.S. 90 - MANHATTAN,1324,1666,06M324,M.S. 324 - Patria Mirabal,
M,6,M090,I.S. 90 - MANHATTAN,1324,1666,75M138,P.S. 138,
M,6,M090,I.S. 90 - MANHATTAN,1324,1666,84M068,KIPP Washington Heights Middle School,
M,6,M143,I.S. 143 - MANHATTAN,1122,1740,06M143,J.H.S. 143 Eleanor Roosevelt,Y
M,6,M143,I.S. 143 - MANHATTAN,1122,1740,06M348,Washington Heights Expeditionary Learning School,Y
M,6,M153,P.S. 153 - MANHATTAN,878,1222,06M153,P.S. 153 Adam Clayton Powell,
M,6,M153,P.S. 153 - MANHATTAN,878,1222,06M368,Hamilton Heights School,
M,6,M164,I.S. 164 - MANHATTAN,246,1001,06M328,Community Math & Science Prep,Y
M,6,M164,I.S. 164 - MANHATTAN,246,1001,84M338,WHIN Music Community,Y
M,6,M218,I.S. 218 - MANHATTAN,1117,1470,06M218,I.S. 218 Salome Urena,
M,6,M218,I.S. 218 - MANHATTAN,1117,1470,06M293,City College Academy of the Arts,
M,6,M218,I.S. 218 - MANHATTAN,1117,1470,06M322,Middle School 322,
M,6,M465,G. WASHINGTON HS EDUC. CAMPUS - M,1921,2440,06M457,George Washington YABC,Y
M,6,M465,G. WASHINGTON HS EDUC. CAMPUS - M,1921,2440,06M462,The College Academy,Y
M,6,M465,G. WASHINGTON HS EDUC. CAMPUS - M,1921,2440,06M463,High School for Media and Communications,Y
M,6,M465,G. WASHINGTON HS EDUC. CAMPUS - M,1921,2440,06M467,High School for Law and Public Service,Y
M,6,M465,G. WASHINGTON HS EDUC. CAMPUS - M,1921,2440,06M468,High School for Health Careers and Sciences,Y
M,6,M465,G. WASHINGTON HS EDUC. CAMPUS - M,1921,2440,79M973,Restart Academy,Y
X,7,X139,J.H.S. 222 - BRONX,1134,1435,07X224,P.S./I.S. 224,
X,7,X139,J.H.S. 222 - BRONX,1134,1435,07X334,International Community High School,
X,7,X139,J.H.S. 222 - BRONX,1134,1435,07X343,Academy of Applied Mathematics and Technology,
X,7,X155,P.S. 754 (OLD IS155) - BRONX,626,1033,75X754,J. M. Rapport School Career Development,
X,7,X155,P.S. 754 (OLD IS155) - BRONX,626,1033,84X491,Academic Leadership Charter School,
X,7,X184,I.S. 184 - BRONX,907,1343,07X296,South Bronx Academy for Applied Media,
X,7,X184,I.S. 184 - BRONX,907,1343,07X298,Academy of Public Relations,
X,7,X184,I.S. 184 - BRONX,907,1343,07X379,Jill Chaifetz Transfer High School,
X,7,X184,I.S. 184 - BRONX,907,1343,75X017,P.S. X017,
X,7,X184,I.S. 184 - BRONX,907,1343,75X754,J. M. Rapport School Career Development,
X,7,X600,ALFRED E. SMITH HS - X,1197,1619,07X381,Bronx Haven High School,
X,7,X600,ALFRED E. SMITH HS - X,1197,1619,07X456,Alfred E. Smith Campus YABC,
X,7,X600,ALFRED E. SMITH HS - X,1197,1619,07X522,Bronx Design and Construction Academy,
X,7,X600,ALFRED E. SMITH HS - X,1197,1619,07X600,Alfred E. Smith Career and Technical Education High School,
X,8,X039,NEW SCH FOR ARTS AND SCIENCE - X,325,1075,08X332,Holcombe L. Rucker School of Community Research,Y
X,8,X039,NEW SCH FOR ARTS AND SCIENCE - X,325,1075,08X530,Longwood Preparatory Academy,Y
X,8,X039,NEW SCH FOR ARTS AND SCIENCE - X,325,1075,79M645,School for Cooperative Technical Education,Y
X,8,X174,I.S. 174 - BRONX,1236,1624,08X282,Women's Academy of Excellence,
X,8,X174,I.S. 174 - BRONX,1236,1624,08X367,"Archimedes Academy for Math, Science and Technology Applications",
X,8,X174,I.S. 174 - BRONX,1236,1624,08X375,The Bronx Mathematics Preparatory School,
X,8,X192,I.S. 192 - BRONX,867,1431,08X371,Urban Institute of Mathematics,Y
X,8,X192,I.S. 192 - BRONX,867,1431,08X392,Bronx Delta School,Y
X,8,X192,I.S. 192 - BRONX,867,1431,08X467,Mott Hall Community School,Y
X,8,X405,HERBERT H. LEHMAN HS - X,3153,3629,08X293,Renaissance High School for Musical Theater & Technology,
X,8,X405,HERBERT H. LEHMAN HS - X,3153,3629,08X320,Pelham Lab High School,
X,8,X405,HERBERT H. LEHMAN HS - X,3153,3629,08X348,Schuylerville Preparatory High School,
X,8,X405,HERBERT H. LEHMAN HS - X,3153,3629,08X349,Bronx River High School,
X,8,X405,HERBERT H. LEHMAN HS - X,3153,3629,08X405,Herbert H. Lehman High School,
X,8,X405,HERBERT H. LEHMAN HS - X,3153,3629,08X408,Herbert H. Lehman YABC,
X,8,X405,HERBERT H. LEHMAN HS - X,3153,3629,08X558,Westchester Square Academy,
X,8,X405,HERBERT H. LEHMAN HS - X,3153,3629,75X721,P.S. X721 - Stephen McSweeney School,
X,8,X405,HERBERT H. LEHMAN HS - X,3153,3629,79Q950,Pathways to Graduation,
X,8,X450,Adlai E. Stevenson Educational Campus,2511,3484,08X312,Millennium Art Academy,
X,8,X450,Adlai E. Stevenson Educational Campus,2511,3484,08X376,Antonia Pantoja Preparatory Academy: A College Board School,
X,8,X450,Adlai E. Stevenson Educational Campus,2511,3484,08X377,Bronx Community High School,
X,8,X450,Adlai E. Stevenson Educational Campus,2511,3484,08X432,Bronx Bridges High School,
X,8,X450,Adlai E. Stevenson Educational Campus,2511,3484,08X452,Gotham Collaborative High School,
X,8,X450,Adlai E. Stevenson Educational Campus,2511,3484,08X507,Stevenson YABC,
X,8,X450,Adlai E. Stevenson Educational Campus,2511,3484,08X561,Bronx Compass High School,
X,8,X450,Adlai E. Stevenson Educational Campus,2511,3484,75X017,P.S. X017,
X,8,X450,Adlai E. Stevenson Educational Campus,2511,3484,79Q950,Pathways to Graduation,
X,8,X450,Adlai E. Stevenson Educational Campus,2511,3484,88X996,ALC - Stevenson Campus,
X,8,X972,SOUNDVIEW EDUCATIONAL CAMPUS - X,456,801,08X519,"Felisa Rincon de Gautier Institute for Law and Public Policy, The",Y
X,8,X972,SOUNDVIEW EDUCATIONAL CAMPUS - X,456,801,08X537,Bronx Arena High School,Y
X,9,X126,P.S. 126 (ECF) - BRONX,625,936,09X126,P.S. 126 Dr Marjorie H Dunbar,
X,9,X147,I.S. 339 (OLD 147) - BRONX,799,1393,09X313,I.S. 313 School of Leadership Development,
X,9,X147,I.S. 339 (OLD 147) - BRONX,799,1393,09X339,I.S. 339,
X,9,X147,I.S. 339 (OLD 147) - BRONX,799,1393,75X469,P469X - The Bronx School for Continuous Learners,
X,9,X148,I.S. 219 (OLD 148) - BRONX,976,1517,09X215,Kappa,
X,9,X148,I.S. 219 (OLD 148) - BRONX,976,1517,09X219,I.S. 219 New Venture School,
X,9,X148,I.S. 219 (OLD 148) - BRONX,976,1517,09X517,Frederick Douglass Academy III Secondary School,
X,9,X410,WILLIAM H. TAFT HS - X,2017,2693,09X227,Bronx Collegiate Academy,
X,9,X410,WILLIAM H. TAFT HS - X,2017,2693,09X329,DreamYard Preparatory School,
X,9,X410,WILLIAM H. TAFT HS - X,2017,2693,09X350,New Directions Secondary School,
X,9,X410,WILLIAM H. TAFT HS - X,2017,2693,09X412,Bronx High School of Business,
X,9,X410,WILLIAM H. TAFT HS - X,2017,2693,09X413,Bronx High School for Medical Science,
X,9,X410,WILLIAM H. TAFT HS - X,2017,2693,09X564,Claremont International HS,
X,9,X410,WILLIAM H. TAFT HS - X,2017,2693,79M984,LYFE,
X,10,X045,I.S. 45 - BRONX,891,1319,10X045,Thomas C. Giordano Middle School 45,Y
X,10,X045,I.S. 45 - BRONX,891,1319,10X046,P.S. 046 Edgar Allan Poe,Y
X,10,X137,I.S. 391 (UDC) - BRONX,1143,1545,10X225,Theatre Arts Production Company School,
X,10,X137,I.S. 391 (UDC) - BRONX,1143,1545,10X391,The Angelo Patri Middle School,
X,10,X435,THEODORE ROOSEVELT EDUCATIONAL CAMPUS - X,2637,2973,10X243,West Bronx Academy for the Future,
X,10,X435,THEODORE ROOSEVELT EDUCATIONAL CAMPUS - X,2637,2973,10X374,Knowledge and Power Preparatory Academy International High School (Kappa),
X,10,X435,THEODORE ROOSEVELT EDUCATIONAL CAMPUS - X,2637,2973,10X434,Belmont Preparatory High School,
X,10,X435,THEODORE ROOSEVELT EDUCATIONAL CAMPUS - X,2637,2973,10X437,Fordham High School for the Arts,
X,10,X435,THEODORE ROOSEVELT EDUCATIONAL CAMPUS - X,2637,2973,10X438,Fordham Leadership Academy,
X,10,X435,THEODORE ROOSEVELT EDUCATIONAL CAMPUS - X,2637,2973,10X439,Bronx High School for Law and Community Service,
X,10,X435,THEODORE ROOSEVELT EDUCATIONAL CAMPUS - X,2637,2973,79M984,LYFE,
X,10,X440,DEWITT CLINTON HS - X,2516,3189,10X351,Bronx Collaborative High School,
X,10,X440,DEWITT CLINTON HS - X,2516,3189,10X353,World View High School,
X,10,X440,DEWITT CLINTON HS - X,2516,3189,10X440,DeWitt Clinton High School,
X,10,X440,DEWITT CLINTON HS - X,2516,3189,10X668,Dewitt Clinton Campus YABC,
X,10,X440,DEWITT CLINTON HS - X,2516,3189,75X168,P.S. 168,
X,10,X440,DEWITT CLINTON HS - X,2516,3189,79M984,LYFE,
X,10,X440,DEWITT CLINTON HS - X,2516,3189,79Q950,Pathways to Graduation,
X,10,X475,JOHN F. KENNEDY HS - X,3027,3789,10X213,Bronx Engineering and Technology Academy,
X,10,X475,JOHN F. KENNEDY HS - X,3027,3789,10X284,Bronx School of Law and Finance,
X,10,X475,JOHN F. KENNEDY HS - X,3027,3789,10X397,English Language Learners and International Support Preparatory Academy (ELLIS),
X,10,X475,JOHN F. KENNEDY HS - X,3027,3789,10X477,Marble Hill High School for International Studies,
X,10,X475,JOHN F. KENNEDY HS - X,3027,3789,10X504,Kennedy YABC,
X,10,X475,JOHN F. KENNEDY HS - X,3027,3789,10X546,Bronx Theatre High School,
X,10,X475,JOHN F. KENNEDY HS - X,3027,3789,84X539,New Visions Charter High School for Advanced Math and Science,
X,10,X475,JOHN F. KENNEDY HS - X,3027,3789,84X553,New Visions Charter High School for the Humanities,
X,11,X113,I.S. 113 - BRONX,975,1652,11X287,North Bronx School of Empowerment,
X,11,X113,I.S. 113 - BRONX,975,1652,11X370,Leaders of Tomorrow,
X,11,X415,CHRISTOPHER COLUMBUS HS - X,2440,2782,11X288,Collegiate Institute for Math and Science,
X,11,X415,CHRISTOPHER COLUMBUS HS - X,2440,2782,11X299,Astor Collegiate Academy,
X,11,X415,CHRISTOPHER COLUMBUS HS - X,2440,2782,11X417,C Columbus Hs YABC,
X,11,X415,CHRISTOPHER COLUMBUS HS - X,2440,2782,11X508,Bronxdale High School,
X,11,X415,CHRISTOPHER COLUMBUS HS - X,2440,2782,11X509,High School of Language and Innovation,
X,11,X415,CHRISTOPHER COLUMBUS HS - X,2440,2782,11X542,Pelham Preparatory Academy,
X,11,X415,CHRISTOPHER COLUMBUS HS - X,2440,2782,75X010,P.S. X010,
X,11,X455,HARRY S. TRUMAN HS - X,2635,3328,11X249,Bronx Health Sciences High School,
X,11,X455,HARRY S. TRUMAN HS - X,2635,3328,11X455,Harry S Truman High School,
X,11,X455,HARRY S. TRUMAN HS - X,2635,3328,75X176,P.S. X176,
X,11,X455,HARRY S. TRUMAN HS - X,2635,3328,79M645,School for Cooperative Technical Education,
X,12,X044[4],P.S. 44 - BRONX,405,671,12X044,P.S. 044 David C. Farragut,Y
X,12,X044,P.S. 44 - BRONX,405,671,12X341,Accion Academy,Y
X,12,X067[5],P.S. 67 - BRONX,1190,1166,12X067,P.S. 067 Mohegan School,
X,12,X067,P.S. 67 - BRONX,1190,1166,12X372,Urban Assembly School for Wildlife Conservation,
X,12,X092[6],P.S. 92 - BRONX,582,733,12X092,P.S. 092 Bronx,Y
X,12,X092,P.S. 92 - BRONX,582,733,75X352,The Vida Bogart School for All Children,Y
X,12,X098,I.S. 98 - BRONX,955,1516,12X098,J.H.S. 098 Herman Ridder,
X,12,X098,I.S. 98 - BRONX,955,1516,12X251,Explorations Academy,
X,12,X098,I.S. 98 - BRONX,955,1516,12X511,Bronx Envision Academy,
X,12,X098,I.S. 98 - BRONX,955,1516,79M984,LYFE,
X,12,X401,BRONX REGIONAL HS (OLD 133) - X,1012,1621,12X446,Arturo A. Schomburg Satellite Academy Bronx,
X,12,X401,BRONX REGIONAL HS (OLD 133) - X,1012,1621,12X480,Bronx Regional High School,
X,12,X401,BRONX REGIONAL HS (OLD 133) - X,1012,1621,79M984,LYFE,
X,12,X401,BRONX REGIONAL HS (OLD 133) - X,1012,1621,79Q950,Pathways to Graduation,
X,12,X401,BRONX REGIONAL HS (OLD 133) - X,1012,1621,84X200,ROADS Charter School II,
K,13,K003,P.S. 3 - BROOKLYN,431,845,13K003,P.S. 003 The Bedford Village,
K,13,K054,P.S. 54 - BROOKLYN,283,595,13K054,P.S. 054 Samuel C. Barnes,
K,13,K054,P.S. 54 - BROOKLYN,283,595,75K231,P.S. K231,
K,13,K056,P.S. 56 - BROOKLYN,380,773,13K056,P.S. 056 Lewis H. Latimer,
K,13,K056,P.S. 56 - BROOKLYN,380,773,13K351,The Urban Assembly Unison School,
K,13,K056,P.S. 56 - BROOKLYN,380,773,75K369,P.S. K369 - Coy L. Cox School,
K,13,K113,I.S. 113 - BROOKLYN,593,1269,13K113,M.S. 113 Ronald Edmonds Learning Center,
K,13,K113,I.S. 113 - BROOKLYN,593,1269,75K372,P.S. 372 -The Children's School,
K,13,K113,I.S. 113 - BROOKLYN,593,1269,84K789,Compass Charter School,
K,13,K256[7],P.S. 256 - BROOKLYN,531,777,13K256,P.S. 256 Benjamin Banneker,
K,13,K256,P.S. 256 - BROOKLYN,531,777,84K702,Community Partnership Charter School,
K,13,K305,P.S. 305 - BROOKLYN,253,718,13K301,Satellite East Middle School,
K,13,K305,P.S. 305 - BROOKLYN,253,718,13K305,P.S. 305 Dr. Peter Ray,
K,13,K307,P.S. 307 - BROOKLYN,383,691,13K307,P.S. 307 Daniel Hale Williams,
K,13,K580,GEORGE WESTINGHOUSE VOC HS - K,1402,1799,13K008,P.S. 008 Robert Fulton,
K,13,K580,GEORGE WESTINGHOUSE VOC HS - K,1402,1799,13K605,George Westinghouse Career and Technical Education High School,
K,13,K580,GEORGE WESTINGHOUSE VOC HS - K,1402,1799,13K657,Downtown Brooklyn YABC,
K,13,K580,GEORGE WESTINGHOUSE VOC HS - K,1402,1799,13K674,"City Polytechnic High School of Engineering, Architecture, and Technology",
K,13,K580,GEORGE WESTINGHOUSE VOC HS - K,1402,1799,75K369,P.S. K369 - Coy L. Cox School,
K,13,K805,WATER'S EDGE EDUCATIONAL CAMPUS - K,1173,1579,13K350,Urban Assembly School for Music and Art,
K,13,K805,WATER'S EDGE EDUCATIONAL CAMPUS - K,1173,1579,13K419,"Science Skills Center High School for Science, Technology and the Creative Arts",
K,13,K805,WATER'S EDGE EDUCATIONAL CAMPUS - K,1173,1579,13K439,Brooklyn International High School,
K,13,K909,ACORN COMMUNITY HS - K,262,722,13K499,ACORN Community High School,
K,14,K016,P.S. 16 - BROOKLYN,562,965,14K016,P.S. 016 Leonard Dunkly,
K,14,K016,P.S. 16 - BROOKLYN,562,965,84K355,Williamsburg Collegiate Charter School,
K,14,K033,I.S. 33 - BROOKLYN,631,1188,75K368,P.S. 368,Y
K,14,K033,I.S. 33 - BROOKLYN,631,1188,84K367,Success Academy Charter School - Bed-Stuy 1,Y
K,14,K049,I.S. 49 - BROOKLYN,1484,1807,14K449,"Brooklyn Latin School, The",
K,14,K049,I.S. 49 - BROOKLYN,1484,1807,14K454,The Williamsburg High School of Art and Technology,
K,14,K049,I.S. 49 - BROOKLYN,1484,1807,14K586,Lyons Community School,
K,14,K071,I.S. 71 - BROOKLYN,915,1329,14K071,Juan Morel Campos Secondary School,
K,14,K071,I.S. 71 - BROOKLYN,915,1329,75K141,P.S. K141,
K,14,K071,I.S. 71 - BROOKLYN,915,1329,84K037,Beginning with Children Charter School II,
K,14,K126[8],J.H.S. 126 - BROOKLYN,1116,1243,14K126,John Ericsson Middle School 126,
K,14,K126,J.H.S. 126 - BROOKLYN,1116,1243,84K689,Citizens of the World Charter School 1 Williamsburg,
K,14,K126,J.H.S. 126 - BROOKLYN,1116,1243,84K693,Northside Charter High School,
K,14,K147,P.S. 147 - BROOKLYN,712,1088,14K147,P.S. 147 Isaac Remsen,
K,14,K147,P.S. 147 - BROOKLYN,712,1088,14K614,Young Women's Leadership School of Brooklyn,
K,14,K157,P.S. 157 - BROOKLYN,508,1164,14K157,P.S./I.S. 157 The Benjamin Franklin Health & Science Academy,
K,14,K196,P.S. 196 - BROOKLYN,618,952,14K196,P.S. 196 Ten Eyck,
K,14,K196,P.S. 196 - BROOKLYN,618,952,14K582,M.S. 582,
K,14,K297,P.S. 297 - BROOKLYN,246,801,14K297,P.S. 297 Abraham Stockton,Y
K,14,K297,P.S. 297 - BROOKLYN,246,801,84K756,Success Academy Prospect Heights (Brooklyn 6),Y
K,14,K450,GRAND STREET CAMPUS (OLD E.D.HS)- K,2252,2985,14K474,PROGRESS High School for Professional Careers,
K,14,K450,GRAND STREET CAMPUS (OLD E.D.HS)- K,2252,2985,14K477,East Williamsburg Scholars Academy,
K,14,K450,GRAND STREET CAMPUS (OLD E.D.HS)- K,2252,2985,14K478,"The High School for Enterprise, Business and Technology",
K,14,K450,GRAND STREET CAMPUS (OLD E.D.HS)- K,2252,2985,79M984,LYFE,
K,14,K610,AUTOMOTIVE TRADES VOC HS - K,451,1176,14K610,Automotive High School,
K,14,K610,AUTOMOTIVE TRADES VOC HS - K,451,1176,14K923,Automotive High School YABC,
K,15,K027,P.S. 27 - BROOKLYN,513,1046,15K676,Red Hook Neighborhood School,
K,15,K027,P.S. 27 - BROOKLYN,513,1046,84K730,Summit Academy Charter School,
K,15,K460,John Jay Educational Campus,1919,2339,15K462,John Jay School for Law,
K,15,K460,John Jay Educational Campus,1919,2339,15K463,Secondary School for Journalism,
K,15,K460,John Jay Educational Campus,1919,2339,15K464,Park Slope Collegiate,
K,15,K460,John Jay Educational Campus,1919,2339,15K684,Millennium Brooklyn HS,
K,15,K460,John Jay Educational Campus,1919,2339,88K987,ALC - John Jay,
K,15,K655,BKLYN HS OF THE ARTS (OL S J HL)-K,1388,2003,15K447,The Math & Science Exploratory School,
K,15,K655,BKLYN HS OF THE ARTS (OL S J HL)-K,1388,2003,15K656,Brooklyn High School of the Arts,
K,16,K005,P.S. 5 - BROOKLYN,314,666,16K005,P.S. 005 Dr. Ronald Mcnair,
K,16,K005,P.S. 5 - BROOKLYN,314,666,75K369,P.S. K369 - Coy L. Cox School,
K,16,K025,P.S. 25 - BROOKLYN,228,1004,16K025,P.S. 025 Eubie Blake School,Y
K,16,K025,P.S. 25 - BROOKLYN,228,1004,84K883,Success Academy Charter School - Bed Stuy 3,Y
K,16,K026,P.S. 26 - BROOKLYN,391,856,16K026,P.S. 026 Jesse Owens,
K,16,K026,P.S. 26 - BROOKLYN,391,856,16K681,Madiba Prep Middle School,
K,16,K026,P.S. 26 - BROOKLYN,391,856,75K140,P.S. K140,
K,16,K040,P.S. 40 - BROOKLYN,503,923,16K040,P.S. 040 George W. Carver,
K,16,K040,P.S. 40 - BROOKLYN,503,923,16K594,Gotham Professional Arts Academy,
K,16,K057,J.H.S. 57 - BROOKLYN,394,1020,16K057,J.H.S. 057 Whitelaw Reid,Y
K,16,K057,J.H.S. 57 - BROOKLYN,394,1020,16K688,The Brooklyn Academy of Global Finance,Y
K,16,K057,J.H.S. 57 - BROOKLYN,394,1020,84K892,Brooklyn Emerging Leaders Academy,Y
K,16,K081,P.S. 81 - BROOKLYN,442,851,16K081,P.S. 081 Thaddeus Stevens,
K,16,K081,P.S. 81 - BROOKLYN,442,851,75K004,P.S. K004,
K,16,K308,P.S. 308 - BROOKLYN,713,1083,16K308,P.S. 308 Clara Cardwell,
K,16,K308,P.S. 308 - BROOKLYN,713,1083,84K406,Teaching Firms of America-Professional Preparatory Charter School,
K,16,K324,I.S. 324 - BROOKLYN,887,1435,16K267,"M.S. 267 Math, Science & Technology",
K,16,K324,I.S. 324 - BROOKLYN,887,1435,84K648,Bedford Stuyvesant Collegiate Charter School,
K,16,K324,I.S. 324 - BROOKLYN,887,1435,84K649,La Cima Charter School,
K,16,K335,P.S. 335 - BROOKLYN,359,962,16K335,P.S. 335 Granville T. Woods,Y
K,16,K455,BOYS & GIRLS HS - K,942,3314,16K455,Boys and Girls High School,
K,16,K455,BOYS & GIRLS HS - K,942,3314,16K669,Research and Service High School,
K,16,K455,BOYS & GIRLS HS - K,942,3314,16K765,Nelson Mandela High School,
K,16,K455,BOYS & GIRLS HS - K,942,3314,16K959,BOYS AND GIRLS YABC,
K,16,K455,BOYS & GIRLS HS - K,942,3314,79Q950,Pathways to Graduation,
K,17,K061,I.S. 61 - BROOKLYN,915,1320,17K061,M.S. 061 Dr. Gladstone H. Atwell,
K,17,K091,P.S. 91 - BROOKLYN,339,899,17K091,P.S. 091 The Albany Avenue School,Y
K,17,K092,P.S. 92 - BROOKLYN,468,1106,17K092,P.S. 092 Adrian Hegeman,Y
K,17,K092,P.S. 92 - BROOKLYN,468,1106,84K876,Achievement First Voyager Charter School,Y
K,17,K138,P.S. 138 - BROOKLYN,971,1490,17K138,P.S. 138 Brooklyn,
K,17,K138,P.S. 138 - BROOKLYN,971,1490,84K756,Success Academy Prospect Heights (Brooklyn 6),
K,17,K138,P.S. 138 - BROOKLYN,971,1490,88K981,ALC - W.E.B Dubois,
K,17,K138,P.S. 138 - BROOKLYN,971,1490,88K991,ALC - P.S. 138K ANNEX,
K,17,K167,P.S. 167 - BROOKLYN,471,982,17K532,New Bridges Elementary,
K,17,K181,P.S. 181 - BROOKLYN,838,1138,17K181,P.S. 181 Brooklyn,
K,17,K181,P.S. 181 - BROOKLYN,838,1138,75K396,P.S. K396,
K,17,K221[9],P.S. 221 - BROOKLYN,690,859,17K221,P.S. 221 Toussaint L'Ouverture,Y
K,17,K221,P.S. 221 - BROOKLYN,690,859,84K692,Citizens of the World Charter School New York 2 Crown Heights,Y
K,17,K246,I.S. 246 - BROOKLYN,442,1650,17K246,M.S. 246 Walt Whitman,Y
K,17,K246,I.S. 246 - BROOKLYN,442,1650,84K741,Success Academy Crown Heights (Brooklyn 7),Y
K,17,K246,I.S. 246 - BROOKLYN,442,1650,88K993,ALC - M.S. 246,Y
K,17,K320,P.S. 375 - BROOKLYN,717,1310,17K352,Ebbets Field Middle School,
K,17,K320,P.S. 375 - BROOKLYN,717,1310,17K375,P.S. 375 Jackie Robinson School,
K,17,K320,P.S. 375 - BROOKLYN,717,1310,84K333,Explore Exceed Charter School,
K,17,K390,I.S. 390 - BROOKLYN,561,1449,17K354,The School of Integrated Learning,
K,17,K390,I.S. 390 - BROOKLYN,561,1449,84K357,KIPP AMP Charter School,
K,17,K391,I.S. 391 - BROOKLYN,1080,1576,17K722,New Heights Middle School,
K,17,K391,I.S. 391 - BROOKLYN,1080,1576,84K356,Achievement First Crown Heights Charter School,
K,17,K398,P.S. 398 (UDC) - BROOKLYN,620,997,17K398,P.S. 398 Walter Weaver,
K,17,K398,P.S. 398 (UDC) - BROOKLYN,620,997,17K770,P.S. 770 New American Academy,
K,17,K440,PROSPECT HEIGHTS HS - K,1332,1991,17K524,International High School at Prospect Heights,
K,17,K440,PROSPECT HEIGHTS HS - K,1332,1991,17K528,The High School for Global Citizenship,
K,17,K440,PROSPECT HEIGHTS HS - K,1332,1991,17K547,Brooklyn Academy of Science and the Environment,
K,17,K440,PROSPECT HEIGHTS HS - K,1332,1991,17K548,Brooklyn School for Music & Theatre,
K,17,K440,PROSPECT HEIGHTS HS - K,1332,1991,79M984,LYFE,
K,17,K465,ERASMUS HALL CAMPUS - K,1956,2724,17K382,Academy for College Preparation and Career Exploration: A College Board School,
K,17,K465,ERASMUS HALL CAMPUS - K,1956,2724,17K408,Academy of Hospitality and Tourism,
K,17,K465,ERASMUS HALL CAMPUS - K,1956,2724,17K467,Erasmus YABC,
K,17,K465,ERASMUS HALL CAMPUS - K,1956,2724,17K537,High School for Youth and Community Development at Erasmus,
K,17,K465,ERASMUS HALL CAMPUS - K,1956,2724,17K539,High School for Service & Learning at Erasmus,
K,17,K465,ERASMUS HALL CAMPUS - K,1956,2724,17K543,"Science, Technology and Research Early College High School at Erasmus",
K,17,K470,GEORGE W. WINGATE HS - K,1434,2328,17K531,"School for Human Rights, The",Y
K,17,K470,GEORGE W. WINGATE HS - K,1434,2328,17K546,High School for Public Service: Heroes of Tomorrow,Y
K,17,K470,GEORGE W. WINGATE HS - K,1434,2328,17K745,Brooklyn Institute for Liberal Arts,Y
K,17,K470,GEORGE W. WINGATE HS - K,1434,2328,75K036,P.S. 36,Y
K,17,K600,CLARA BARTON HS - K,1249,1579,17K600,Clara Barton High School,
K,17,K600,CLARA BARTON HS - K,1249,1579,75K753,P.S. K753 - School for Career Development,
K,18,K068,I.S. 68 - BROOKLYN,577,1453,18K068,I.S. 068 Isaac Bildersee,
K,18,K068,I.S. 68 - BROOKLYN,577,1453,84K379,Explore Excel Charter School,
K,18,K211,I.S. 211 - BROOKLYN,869,1392,18K211,I.S. 211 John Wilson,
K,18,K211,I.S. 211 - BROOKLYN,869,1392,84K724,Leadership Prep Canarsie Charter School (Leadership Prep CS 4),
K,18,K232,I.S. 232 - BROOKLYN,466,1443,18K581,East Flatbush Community Research School,Y
K,18,K232,I.S. 232 - BROOKLYN,466,1443,18K598,Middle School of Marketing and Legal Studies,Y
K,18,K232,I.S. 232 - BROOKLYN,466,1443,84K608,Kings Collegiate Charter School,Y
K,18,K242,P.S. 235 ANNEX - BROOKLYN,530,943,18K235,P.S. 235 Janice Marie Knight School,
K,18,K242,P.S. 235 ANNEX - BROOKLYN,530,943,18K635,Olympus Academy,
K,18,K252,I.S. 252 - BROOKLYN,540,886,18K588,Middle School for Art and Philosophy,
K,18,K252,I.S. 252 - BROOKLYN,540,886,84K608,Kings Collegiate Charter School,
K,18,K285,I.S. 285 - BROOKLYN,663,971,18K285,I.S. 285 Meyer Levin,
K,18,K415,SAMUEL J. TILDEN EDUCATIONAL CAMPUS,1447,2279,18K563,It Takes a Village Academy,
K,18,K415,SAMUEL J. TILDEN EDUCATIONAL CAMPUS ,1447,2279,18K569,Kurt Hahn Expeditionary Learning School,
K,18,K415,SAMUEL J. TILDEN EDUCATIONAL CAMPUS ,1447,2279,18K629,Cultural Academy for the Arts and Sciences,
K,18,K500,CANARSIE HS Ð K,1150,1891,18K617,High School for Innovation in Advertising and Media,
K,18,K500,CANARSIE HS Ð K,1150,1891,18K633,High School for Medical Professions,
K,18,K500,CANARSIE HS Ð K,1150,1891,18K642,Urban Action Academy,
K,18,K500,CANARSIE HS Ð K,1150,1891,75K753,P.S. K753 - School for Career Development,
K,18,K500,CANARSIE HS Ð K,1150,1891,79M645,School for Cooperative Technical Education,
K,18,K515,SOUTH SHORE EDUCATIONAL CAMPUS Ð K,1764,3075,18K566,Brooklyn Generation School,Y
K,18,K515,SOUTH SHORE EDUCATIONAL CAMPUS Ð K,1764,3075,18K567,Brooklyn Theatre Arts High School,Y
K,18,K515,SOUTH SHORE EDUCATIONAL CAMPUS Ð K,1764,3075,18K576,Victory Collegiate High School,Y
K,18,K515,SOUTH SHORE EDUCATIONAL CAMPUS Ð K,1764,3075,18K578,Brooklyn Bridge Academy,Y
K,18,K515,SOUTH SHORE EDUCATIONAL CAMPUS Ð K,1764,3075,18K637,Academy for Conservation and the Environment,Y
K,18,K515,SOUTH SHORE EDUCATIONAL CAMPUS Ð K,1764,3075,18K922,South Shore Educational Complex YABC,Y
K,18,K515,SOUTH SHORE EDUCATIONAL CAMPUS Ð K,1764,3075,79Q950,Pathways to Graduation,Y
K,18,K515,SOUTH SHORE EDUCATIONAL CAMPUS Ð K,1764,3075,84K775,Leadership Preparatory Ocean Hill Charter School,Y
K,19,K166,I.S. 166 Ð BROOKLYN,968,1278,19K654,Van Siclen Community Middle School,
K,19,K166,I.S. 166 Ð BROOKLYN,968,1278,84K359,The Uft Charter School,
K,19,K166,I.S. 166 Ð BROOKLYN,968,1278,84K788,Achievement First Linden Elementary School,
K,19,K190,P.S. 190 Ð BROOKLYN,269,639,19K190,P.S. 190 Sheffield,Y
K,19,K218[10],I.S. 218 Ð BROOKLYN,969,1258,19K218,J.H.S. 218 James P. Sinnott,
K,19,K218,I.S. 218 Ð BROOKLYN,969,1258,19K683,"The School for Classics: An Academy of Thinkers, Writers and Performers",
K,19,K218,I.S. 218 Ð BROOKLYN,969,1258,84K386,Invictus Preparatory Charter School,
K,19,K273,P.S. 273 Ð BROOKLYN,335,733,19K273,P.S. 273 Wortman,
K,19,K292,I.S. 292 Ð BROOKLYN,983,1949,19K292,J.H.S. 292 Margaret S. Douglas,Y
K,19,K292,I.S. 292 Ð BROOKLYN,983,1949,84K626,Achievement First Brownsville Charter School,Y
K,19,K292,I.S. 292 Ð BROOKLYN,983,1949,84K774,Achievement First Apollo Charter School,Y
K,19,K306,P.S. 306 Ð BROOKLYN,493,1020,19K306,P.S. 306 Ethan Allen,Y
K,19,K345,P.S. 345 Ð BROOKLYN,639,949,19K345,P.S. 345 Patrolman Robert Bolden,
K,19,K420,FRANKLIN K. LANE HS Ð K,1384,2898,19K501,Franklin K. Lane Campus YABC,Y
K,19,K420,FRANKLIN K. LANE HS Ð K,1384,2898,19K583,Multicultural High School,Y
K,19,K420,FRANKLIN K. LANE HS Ð K,1384,2898,19K618,Academy of Innovative Technology,Y
K,19,K420,FRANKLIN K. LANE HS Ð K,1384,2898,19K639,Brooklyn Lab School,Y
K,19,K420,FRANKLIN K. LANE HS Ð K,1384,2898,19K659,Cypress Hills Collegiate Preparatory School,Y
K,19,K420,FRANKLIN K. LANE HS Ð K,1384,2898,19K764,The Urban Assembly School for Collaborative Healthcare,Y
K,19,K420,FRANKLIN K. LANE HS Ð K,1384,2898,79M984,LYFE,Y
K,19,K420,FRANKLIN K. LANE HS Ð K,1384,2898,84K608,Kings Collegiate Charter School,Y
K,19,K435,THOMAS JEFFERSON HS Ð K,1336,1796,19K431,Thomas Jefferson YABC,
K,19,K435,THOMAS JEFFERSON HS Ð K,1336,1796,19K502,FDNY - Captain Vernon A. Richards High School for Fire and Life Safety,
K,19,K435,THOMAS JEFFERSON HS Ð K,1336,1796,19K504,High School for Civil Rights,
K,19,K435,THOMAS JEFFERSON HS Ð K,1336,1796,19K507,Performing Arts and Technology High School,
K,19,K435,THOMAS JEFFERSON HS Ð K,1336,1796,19K510,World Academy for Total Community Health High School,
K,19,K435,THOMAS JEFFERSON HS Ð K,1336,1796,79M984,LYFE,
K,19,K615,E NY VOC HS OF TRANSIT TECH.-K,838,1221,19K615,Transit Tech Career and Technical Education High School,
K,21,K188,P.S. 188 Ð BROOKLYN,486,797,21K188,P.S. 188 Michael E. Berdy,
K,21,K239,I.S. 239 Ð BROOKLYN,1270,1660,21K239,Mark Twain I.S. 239 for the Gifted & Talented,
K,21,K400,Lafayette Educational Campus,1842,2612,21K337,International High School at Lafayette,
K,21,K400,Lafayette Educational Campus,1842,2612,21K348,High School of Sports Management,
K,21,K400,Lafayette Educational Campus,1842,2612,21K468,Kingsborough Early College School,
K,21,K400,Lafayette Educational Campus,1842,2612,21K559,Life Academy High School for Film and Music,
K,21,K400,Lafayette Educational Campus,1842,2612,21K572,Expeditionary Learning School for Community Leaders,
K,21,K620,WILLIAM E. GRADY VOC HS Ð K,544,1491,21K620,William E. Grady Career and Technical Education High School,
K,21,K620,WILLIAM E. GRADY VOC HS Ð K,544,1491,75K370,P.S. 370,
K,21,K620,WILLIAM E. GRADY VOC HS Ð K,544,1491,88K984,ALC - Brighton Academy,
K,22,K014,I.S. 14 Ð BROOKLYN,670,1052,22K014,J.H.S. 014 Shell Bank,
K,22,K014,I.S. 14 Ð BROOKLYN,670,1052,75K811,P.S. K811 Connie Lekas School,
K,22,K240,I.S. 240 Ð BROOKLYN,791,1416,22K240,Andries Hudde,
K,22,K240,I.S. 240 Ð BROOKLYN,791,1416,22K381,I. S. 381,
K,22,K495,Frank J. Macchiarola Educational Complex,1478,2450,22K611,Origins High School,
K,22,K495,Frank J. Macchiarola Educational Complex,1478,2450,22K630,Professional Pathways High School,
K,22,K495,Frank J. Macchiarola Educational Complex,1478,2450,84K738,New Visions Charter High School for Advanced Math and Science III,
K,22,K495,Frank J. Macchiarola Educational Complex,1478,2450,84K739,New Visions Charter High School for the Humanities III,
K,22,K864[11],P.S. 361  (OLD 89) Ð BROOKLYN,461,515,22K361,P.S. 361 East Flatbush Early Childhood School,
K,23,K012,P.S. 12 Ð BROOKLYN,385,881,17K012,Dr. Jacqueline Peek-Davis School,
K,23,K012,P.S. 12 Ð BROOKLYN,385,881,17K484,Ronald Edmonds Learning Center II,
K,23,K073,P.S. 73 Ð BROOKLYN,400,721,23K599,Brooklyn Landmark Elementary School,
K,23,K073,P.S. 73 Ð BROOKLYN,400,721,23K664,Brooklyn Environmental Exploration School (BEES),
K,23,K155,P.S. 155 Ð BROOKLYN,454,812,23K155,P.S./ I.S. 155 Nicholas Herkimer,
K,23,K165[12],P.S. 165 Ð BROOKLYN,371,538,23K165,P.S. 165 Ida Posner,
K,23,K175,TEACHERS PREP HS(OL REDIRECTION)-K,516,1039,23K514,Frederick Douglass Academy VII High School,Y
K,23,K175,TEACHERS PREP HS(OL REDIRECTION)-K,516,1039,23K697,Teachers Preparatory High School,Y
K,23,K178,P.S. 178 Ð BROOKLYN,404,755,23K178,P.S. 178 Saint Clair Mckelway,
K,23,K178,P.S. 178 Ð BROOKLYN,404,755,75K077,P.S. K077,
K,23,K263,P.S./I.S. 323 Ð BROOKLYN,742,1130,23K323,P.S./I.S. 323,
K,23,K263,P.S./I.S. 323 Ð BROOKLYN,742,1130,23K671,Mott Hall Bridges Academy,
K,23,K263,P.S./I.S. 323 Ð BROOKLYN,742,1130,75K140,P.S. K140,
K,23,K271,I.S. 271 Ð BROOKLYN,1123,1517,23K522,Mott Hall IV,
K,23,K271,I.S. 271 Ð BROOKLYN,1123,1517,23K644,Eagle Academy for Young Men II,
K,23,K271,I.S. 271 Ð BROOKLYN,1123,1517,84K777,Ocean Hill Collegiate Charter School,
K,23,K275,I.S. 275 Ð BROOKLYN,956,1595,23K518,Kappa V (Knowledge and Power Preparatory Academy),
K,23,K275,I.S. 275 Ð BROOKLYN,956,1595,23K643,Brooklyn Democracy Academy,
K,23,K275,I.S. 275 Ð BROOKLYN,956,1595,23K647,Metropolitan Diploma Plus High School,
K,23,K275,I.S. 275 Ð BROOKLYN,956,1595,84K711,Leadership Preparatory Brownsville Charter School,
K,23,K327[13],P.S. 327 (TANDEM K396-D75)-K,627,810,23K327,P.S. 327 Dr. Rose B. English,
K,23,K327,P.S. 327 (TANDEM K396-D75)-K,627,810,75K396,P.S. K396,
Q,24,Q093,I.S. 93 Ð QUEENS,1117,1420,24Q093,I.S. 093 Ridgewood,
Q,24,Q093,I.S. 93 Ð QUEENS,1117,1420,75Q075,Robert E. Peary School,
Q,24,Q485,GROVER CLEVELAND HS Ð Q,1798,2128,24Q485,Grover Cleveland High School,
Q,24,Q849,I.S. 77 Ð QUEENS,1020,1465,24Q077,I.S. 077,
Q,26,Q067,J.H.S. 67 Ð QUEENS,881,1246,26Q067,J.H.S. 067 Louis Pasteur,
Q,26,Q435,MARTIN VAN BUREN HS Ð QUEENS,1556,2404,26Q315,Business Technology Early College High School,Y
Q,26,Q435,MARTIN VAN BUREN HS Ð QUEENS,1556,2404,26Q435,Martin Van Buren High School,Y
Q,27,Q043,P.S. 43 Ð QUEENS,1045,1376,27Q043,P.S. 043,
Q,27,Q043,P.S. 43 Ð QUEENS,1045,1376,75Q256,P.S. Q256,
Q,27,Q198,I.S. 198 Ð QUEENS,478,918,27Q333,Goldie Maple Academy,
Q,28,Q072,J.H.S. 72 Ð QUEENS,809,1520,28Q072,Catherine & Count Basie Middle School 72,
Q,28,Q072,J.H.S. 72 Ð QUEENS,809,1520,28Q332,Redwood Middle School,
Q,28,Q072,J.H.S. 72 Ð QUEENS,809,1520,75Q993,P.S. Q993,
Q,28,Q142,P.S. 752 (OLD J142) Ð QUEENS,388,846,25Q540,Queens Academy High School,
Q,28,Q142,P.S. 752 (OLD J142) Ð QUEENS,388,846,75Q752,Queens Transition Center,
Q,28,Q142,P.S. 752 (OLD J142) Ð QUEENS,388,846,79M645,School for Cooperative Technical Education,
Q,28,Q142,P.S. 752 (OLD J142) Ð QUEENS,388,846,79Q950,Pathways to Graduation,
Q,28,Q690,HS FOR LAW ENFORCEMENT Ð QUEENS,610,993,28Q690,High School for Law Enforcement and Public Safety,
Q,28,Q690,HS FOR LAW ENFORCEMENT Ð QUEENS,610,993,75Q752,Queens Transition Center,
Q,29,Q109,I.S. 109 Ð QUEENS,1039,1344,29Q109,Jean Nuzzi Intermediate School,
Q,29,Q138,P.S. 138 Ð QUEENS,777,1081,29Q138,P.S./M.S. 138 Sunrise,
Q,29,Q231,I.S. 231 (TANDEM Q251) Ð QUEENS,1009,1372,29Q251,P.S. 251 Queens,Y
Q,29,Q231,I.S. 231 (TANDEM Q251) Ð QUEENS,1009,1372,29Q355,Collaborative Arts Middle School,Y
Q,29,Q231,I.S. 231 (TANDEM Q251) Ð QUEENS,1009,1372,29Q356,Community Voices Middle School,Y
Q,29,Q238,I.S. 238 Ð QUEENS,1511,1863,29Q238,I.S. 238 - Susan B. Anthony Academy,
Q,29,Q490,CAMPUS MAGNET HS (JACKSON) Ð Q,1623,2210,29Q243,Institute for Health Professions at Cambria Heights,
Q,29,Q490,CAMPUS MAGNET HS (JACKSON) Ð Q,1623,2210,29Q313,Benjamin Franklin High School for Finance & Information Technology,
Q,29,Q490,CAMPUS MAGNET HS (JACKSON) Ð Q,1623,2210,29Q492,"Mathematics, Science Research and Technology Magnet High School",
Q,29,Q490,CAMPUS MAGNET HS (JACKSON) Ð Q,1623,2210,29Q498,Humanities & Arts Magnet High School,
Q,29,Q892,P.S. 892 - QUEENS,130,458,29Q360,P.S. 360,Y
Q,30,Q070,P.S. 70 - QUEENS,931,1268,30Q070,P.S. 070,
Q,30,Q204,I.S. 204 - QUEENS,930,1472,30Q204,I.S. 204 Oliver W. Holmes,
Q,30,Q204,I.S. 204 - QUEENS,930,1472,30Q258,Energy Tech High School,
R,31,R002,I.S. 2 - STATEN ISLAND,867,1254,31R002,I.S. R002 George L. Egbert,Y
R,31,R002,I.S. 2 - STATEN ISLAND,867,1254,75R037,P.S. R037,Y
R,31,R027,I.S. 27 - STATEN ISLAND,1004,1421,31R027,I.S. 027 Anning S. Prall,
R,31,R062,K.GRIMM SCL FOR LDRSHP&SUSTAINABLTY@SANDY GR -S.I.,141,566,31R062,The Kathleen Grimm School for Leadership and Sustainability,Y
R,31,R445,PORT RICHMOND HS - S. I.,1591,2026,31R445,Port Richmond High School,
R,31,R445,PORT RICHMOND HS - S. I.,1591,2026,75R025,South Richmond High School I.S./P.S. 25,
R,31,R445,PORT RICHMOND HS - S. I.,1591,2026,79M984,LYFE,
R,31,R445,PORT RICHMOND HS - S. I.,1591,2026,79Q950,Pathways to Graduation,
R,31,R880,P.S. 80 (PETR COMPL-BLDG B) - S.I.,1351,1774,31R080,The Michael J. Petrides School,
R,31,R880,P.S. 80 (PETR COMPL-BLDG B) - S.I.,1351,1774,75R037,P.S. R037,
K,32,K045,P.S. 45 - BROOKLYN,726,1220,32K045,P.S./I.S. 045 Horace E. Greene,
K,32,K075,P.S. 75 - BROOKLYN,386,691,32K075,P.S. 075 Mayda Cortiella,
K,32,K106,P.S. 106 - BROOKLYN,455,928,32K106,P.S. 106 Edward Everett Hale,
K,32,K111,I.S. 111 - BROOKLYN,731,1490,32K347,I.S. 347 School of Humanities,
K,32,K111,I.S. 111 - BROOKLYN,731,1490,32K349,"I.S. 349 Math, Science & Tech.",
K,32,K111,I.S. 111 - BROOKLYN,731,1490,84K358,Achievement First East New York Charter School,
K,32,K111,I.S. 111 - BROOKLYN,731,1490,84K538,Achievement First Bushwick Charter School,
K,32,K145,P.S. 145 - BROOKLYN,619,1196,32K145,P.S. 145 Andrew Jackson,
K,32,K162,I.S. 162 - BROOKLYN,425,916,32K162,J.H.S. 162 The Willoughby,
K,32,K274,P.S. 274 - BROOKLYN,439,829,32K274,P.S. 274 Kosciusko,
K,32,K291,I.S. 291 - BROOKLYN,1024,1918,32K291,J.H.S. 291 Roland Hayes,
K,32,K291,I.S. 291 - BROOKLYN,1024,1918,32K564,Bushwick Community High School,
K,32,K291,I.S. 291 - BROOKLYN,1024,1918,84K733,"Math, Engineering, and Science Academy Charter High School",
K,32,K296,I.S. 296 - BROOKLYN,858,1318,32K562,Evergreen Middle School for Urban Exploration,
K,32,K296,I.S. 296 - BROOKLYN,858,1318,75K053,P.S. K053,
K,32,K296,I.S. 296 - BROOKLYN,858,1318,84K538,Achievement First Bushwick Charter School,
K,32,K383,I.S. 383 - BROOKLYN,1293,1659,32K383,J.H.S. 383 Philippa Schuyler,
K,32,K383,I.S. 383 - BROOKLYN,1293,1659,84K538,Achievement First Bushwick Charter School,
K,32,K384,P.S. 384 - BROOKLYN,636,941,32K384,P.S. /I.S. 384 Frances E. Carter,
K,32,K384,P.S. 384 - BROOKLYN,636,941,75K053,P.S. K053,
K,32,K480,BUSHWICK EDUCATIONAL CAMPUS - K,1144,1632,32K168,The Brooklyn School for Math and Research,
K,32,K480,BUSHWICK EDUCATIONAL CAMPUS - K,1144,1632,32K403,Academy for Environmental Leadership,
K,32,K480,BUSHWICK EDUCATIONAL CAMPUS - K,1144,1632,32K549,The Brooklyn School for Social Justice,
K,32,K480,BUSHWICK EDUCATIONAL CAMPUS - K,1144,1632,32K552,The Academy of Urban Planning and Engineering,
K,32,K480,BUSHWICK EDUCATIONAL CAMPUS - K,1144,1632,79M984,LYFE,
M,1,M020,P.S. 20 - MANHATTAN,540,796,01M020,P.S. 020 Anna Silver,
M,1,M060,J.H.S. 60 - MANHATTAN,974,1194,01M450,East Side Community School,
M,1,M060,J.H.S. 60 - MANHATTAN,974,1194,84M330,Girls Preparatory Charter School of New York,
M,1,M097,BARD COLLEGE HS (OLD M097) - M,548,762,01M696,Bard High School Early College,
M,1,M134,P.S. 134 - MANHATTAN,354,641,01M134,P.S. 134 Henrietta Szold,
M,1,M446,UNIVERSITY NEIGHBORHOOD - M,392,656,01M448,University Neighborhood High School,
M,1,M510,FORSYTH HS (AUXSVC-OLD 91) - M,702,923,01M458,Forsyth Satellite Academy,
M,1,M510,FORSYTH HS (AUXSVC-OLD 91) - M,702,923,01M650,Cascades High School,
M,1,M510,FORSYTH HS (AUXSVC-OLD 91) - M,702,923,79M984,LYFE,
M,1,M510,FORSYTH HS (AUXSVC-OLD 91) - M,702,923,79Q950,Pathways to Graduation,
M,2,M001,P.S. 1 - MANHATTAN,356,567,02M001,P.S. 001 Alfred E. Smith,
M,2,M066,RICHARD R GREEN HS OF TEACHING - M,537,716,02M151,Yorkville Community School,
M,2,M070,I.S. 70 - MANHATTAN,1526,1782,02M312,New York City Lab Middle School for Collaborative Studies,
M,2,M070,I.S. 70 - MANHATTAN,1526,1782,02M412,N.Y.C. Lab School for Collaborative Studies,
M,2,M070,I.S. 70 - MANHATTAN,1526,1782,02M414,N.Y.C. Museum School,
M,2,M131,I.S. 131 - MANHATTAN,1274,1526,02M131,M.S. 131,
M,2,M131,I.S. 131 - MANHATTAN,1274,1526,02M298,Pace High School,
M,2,M131,I.S. 131 - MANHATTAN,1274,1526,02M394,Emma Lazarus High School,
M,2,M167,I.S. 167 - MANHATTAN,1357,1534,02M167,J.H.S. 167 Robert F. Wagner,
M,2,M282,BROADWAY EDUCATION CAMPUS - M,1195,1381,02M316,"Urban Assembly School of Business for Young Women, the",
M,2,M282,BROADWAY EDUCATION CAMPUS - M,1195,1381,02M580,Richard R. Green High School of Teaching,
M,2,M282,BROADWAY EDUCATION CAMPUS - M,1195,1381,02M896,Lower Manhattan Community Middle School,
M,2,M615,CHELSEA VOC HS - MANHATTAN,895,1057,02M376,NYC iSchool,
M,2,M615,CHELSEA VOC HS - MANHATTAN,895,1057,02M615,Chelsea Career and Technical Education High School,
M,2,M615,CHELSEA VOC HS - MANHATTAN,895,1057,75M721,P.S. M721 - Manhattan Occupational Training Center,
M,2,M645[1],OLD MANHATTA VOC/TECH HS - M,632,715,02M655,Life Sciences Secondary School,Y
M,2,M625[2],HS OF GRAPHIC COMMUNICATION ARTS-M,1895,2249,02M139,Stephen T. Mather Building Arts & Craftsmanship High School,Y
M,2,M625,HS OF GRAPHIC COMMUNICATION ARTS-M,1895,2249,02M393,Business Of Sports School,Y
M,2,M625,HS OF GRAPHIC COMMUNICATION ARTS-M,1895,2249,02M507,Urban Assembly Gateway School for Technology,Y
M,2,M625,HS OF GRAPHIC COMMUNICATION ARTS-M,1895,2249,84M170,Success Academy Hell's Kitchen (Manhattan 2),Y
M,2,M625,HS OF GRAPHIC COMMUNICATION ARTS-M,1895,2249,84M523,Success Academy Charter School - Upper West,Y
M,2,M933,I.S. 260 - MANHATTAN,247,519,02M933,City Knoll Middle School,
M,3,M144,P.S. 242 (OLD P144) - MANHATTAN,566,809,03M242,P.S. 242 - The Young Diplomats Magnet Academy,
M,3,M144,P.S. 242 (OLD P144) - MANHATTAN,566,809,84M861,Future Leaders Institute Charter School,
M,3,M145,P.S. 145 - MANHATTAN,571,721,03M145,"P.S. 145, The Bloomingdale School",
M,3,M145,P.S. 145 - MANHATTAN,571,721,03M421,West Prep Academy,
M,3,M191[3],P.S. 191 - MANHATTAN,425,559,03M452,P.S. 452,Y
M,3,M208,P.S. 208 (TANDEM M185) - MANHATTAN,823,1050,03M185,P.S. 185 - The Early Childhood Discovery and Design Magnet School,
M,3,M208,P.S. 208 (TANDEM M185) - MANHATTAN,823,1050,03M208,The Alain L. Locke Magnet School for Environmental Stewardship,
M,3,M208,P.S. 208 (TANDEM M185) - MANHATTAN,823,1050,75M226,P.S. M226,
M,3,M208,P.S. 208 (TANDEM M185) - MANHATTAN,823,1050,84M329,Harlem Link Charter School,
M,3,M506,EDWARD A. REYNOLDS WEST SIDE HS- M,492,686,03M505,Edward A. Reynolds West Side High School,
M,3,M506,EDWARD A. REYNOLDS WEST SIDE HS- M,492,686,79M984,LYFE,
M,4,M007,P.S. 7 - MANHATTAN,509,734,04M007,P.S. 007 Samuel Stern,
M,4,M007,P.S. 7 - MANHATTAN,509,734,04M406,Global Technology Preparatory,
M,4,M013,I.S. 13 - MANHATTAN,1017,1251,04M497,Central Park East I,Y
M,4,M013,I.S. 13 - MANHATTAN,1017,1251,04M555,Central Park East High School,Y
M,4,M013,I.S. 13 - MANHATTAN,1017,1251,84M168,East Harlem Scholars Academy Charter School II,Y
M,4,M117,J.H.S. 117 - MANHATTAN,1222,1498,04M012,Tag Young Scholars,
M,4,M117,J.H.S. 117 - MANHATTAN,1222,1498,04M372,Esperanza Preparatory Academy,
M,4,M117,J.H.S. 117 - MANHATTAN,1222,1498,75M138,P.S. 138,
M,4,M155,P.S. 155 - MANHATTAN,436,589,04M155,P.S. 155 William Paca,
M,4,M155,P.S. 155 - MANHATTAN,436,589,04M377,Renaissance School of the Arts,
M,5,M010,I.S. 10 (TANDEM M200) - MANHATTAN,1433,1649,05M499,Frederick Douglass Academy,
M,5,M046,P.S. 46 - MANHATTAN,687,887,05M046,P.S. 046 Arthur Tappan,
M,5,M129,P.S. 129 - MANHATTAN,451,679,05M129,P.S. 129 John H. Finley,
M,5,M175,P.S. 175 - MANHATTAN,583,746,05M175,P.S. 175 Henry H Garnet,
M,5,M175,P.S. 175 - MANHATTAN,583,746,84M482,Success Academy Charter School - Harlem 5,
M,5,M200,P.S. 200 (TANDEM M010) - MANHATTAN,453,703,05M200,P.S. 200- The James Mccune Smith School,
M,6,M098,P.S. 98 - MANHATTAN,536,721,06M098,P.S. 098 Shorac Kappock,
M,6,M173,P.S. 173 - MANHATTAN,703,923,06M173,P.S. 173,
M,6,M173,P.S. 173 - MANHATTAN,703,923,06M349,Harbor Heights,
M,6,M189,P.S. 189 - MANHATTAN,911,1142,06M189,P.S. 189,
X,7,X001,P.S. 1 Ð BRONX,622,915,07X001,P.S. 001 Courtlandt School,
X,7,X040,P.S. 220 - BRONX,612,765,07X179,P.S. 179,
X,7,X040,P.S. 220 - BRONX,612,765,07X369,Young Leaders Elementary School,
X,7,X040,P.S. 220 - BRONX,612,765,75X352,The Vida Bogart School for All Children,
X,7,X049,P.S. 49 Ð BRONX,698,899,07X049,P.S. 049 Willis Avenue,
X,7,X049,P.S. 49 Ð BRONX,698,899,75X723,P.S. 723,
X,7,X151,I.S. 151 Ð BRONX,1304,1602,07X031,P.S./M.S. 031 The William Lloyd Garrison,
X,7,X151,I.S. 151 Ð BRONX,1304,1602,07X151,J.H.S. 151 Lou Gehrig,
X,7,X151,I.S. 151 Ð BRONX,1304,1602,84X704,KIPP Academy Charter School,
X,7,X162,I.S. 162 Ð BRONX,1346,1609,07X500,Hostos-Lincoln Academy of Science,
X,7,X162,I.S. 162 Ð BRONX,1346,1609,07X584,I.S. 584,
X,7,X162,I.S. 162 Ð BRONX,1346,1609,75X010,P.S. X010,
X,7,X162,I.S. 162 Ð BRONX,1346,1609,84X393,University Prep Charter High School,
X,7,X790[4],MOTT HAVEN EDUCATIONAL CAMPUS ,2040,2043,07X527,Bronx Leadership Academy II High School,Y
X,7,X790,MOTT HAVEN EDUCATIONAL CAMPUS ,2040,2043,07X547,New Explorers High School,Y
X,7,X790,MOTT HAVEN EDUCATIONAL CAMPUS ,2040,2043,07X548,Careers in Sports High School,Y
X,7,X790,MOTT HAVEN EDUCATIONAL CAMPUS ,2040,2043,75X188,P.S. X188,Y
X,7,X790,MOTT HAVEN EDUCATIONAL CAMPUS ,2040,2043,84X704,KIPP Academy Charter School,Y
X,7,X884,HEALTH OPPORTUNITIES HS - X,766,1065,07X427,Community School for Social Justice,
X,7,X884,HEALTH OPPORTUNITIES HS - X,766,1065,07X670,Health Opportunities High School,
X,8,X052,I.S. 302 - BRONX,1084,1345,08X302,M.S. 302 Luisa Dessus Cruz,
X,8,X052,I.S. 302 - BRONX,1084,1345,84X487,Girls Preparatory Charter School of the Bronx,
X,8,X060,P.S. 333 - BRONX,691,921,08X333,The Longwood Academy for Discovery,
X,8,X060,P.S. 333 - BRONX,691,921,75X010,P.S. X010,
X,8,X123,I.S. 123 - BRONX,866,1154,08X123,J.H.S. 123 James M. Kieran,
X,8,X123,I.S. 123 - BRONX,866,1154,08X337,The School for Inquiry and Social Justice,
X,8,X125,I.S. 125 - BRONX,1055,1310,08X119,The Dr. Emmett W. Bassett School,Y
X,8,X125,I.S. 125 - BRONX,1055,1310,08X125,J.H.S. 125 Henry Hudson,Y
X,8,X125,I.S. 125 - BRONX,1055,1310,08X562,Blueprint Middle School,Y
X,8,X650,JANE ADDAMS HS - X,864,1236,08X559,School for Tourism and Hospitality,
X,8,X650,JANE ADDAMS HS - X,864,1236,79M984,LYFE,
X,8,X650,JANE ADDAMS HS - X,864,1236,84X202,New Visions Charter High School for Advanced Math and Science II,
X,8,X650,JANE ADDAMS HS - X,864,1236,88X993,ALC - JANE ADDAMS HS,
X,9,X004[5],P.S. 4 - BRONX,946,1049,09X004,P.S./M.S. 004 Crotona Park West,
X,9,X004,P.S. 4 - BRONX,946,1049,84X133,Icahn Charter School 6,
X,9,X082,I.S. 232 - BRONX,1110,1317,09X232,I.S. 232,
X,9,X082,I.S. 232 - BRONX,1110,1317,09X303,I.S. X303 Leadership & Community Service,
X,9,X082,I.S. 232 - BRONX,1110,1317,09X365,Academy for Language and Technology,
X,9,X145[6],I.S. 145 - BRONX,922,1235,09X325,Urban Science Academy,Y
X,9,X145,I.S. 145 - BRONX,922,1235,09X328,New Millennium Business Academy Middle School,Y
X,9,X145,I.S. 145 - BRONX,922,1235,84X380,Success Academy Charter School - Bronx 3,Y
X,9,X145,I.S. 145 - BRONX,922,1235,88X985,ALC - M.S. 145,Y
X,9,X166,I.S. 166 - BRONX,1426,1666,09X324,Bronx Early College Academy for Teaching & Learning,
X,9,X166,I.S. 166 - BRONX,1426,1666,09X449,Grant Avenue Elementary School,
X,9,X166,I.S. 166 - BRONX,1426,1666,09X454,Science and Technology Academy: A Mott Hall School,
X,9,X229,P.S. 230/I.S. 229 (UDC) - BRONX,1044,1324,09X229,I.S. 229 Roland Patterson,
X,9,X229,P.S. 230/I.S. 229 (UDC) - BRONX,1044,1324,09X274,The New American Academy at Roberto Clemente State Park,
X,9,X400,MORRIS HS - X,1470,1739,09X297,Morris Academy for Collaborative Studies,
X,9,X400,MORRIS HS - X,1470,1739,09X403,Bronx International High School,
X,9,X400,MORRIS HS - X,1470,1739,09X404,School for Excellence,
X,9,X400,MORRIS HS - X,1470,1739,09X543,High School for Violin and Dance,
X,9,X400,MORRIS HS - X,1470,1739,79M984,LYFE,
X,9,X824,Bronx Hope- BRONX,75,257,79X695,Passages Academy,
X,10,X306,P.S. 306 - BRONX,1271,1495,10X306,P.S. 306,
X,10,X306,P.S. 306 - BRONX,1271,1495,10X331,The Bronx School of Young Leaders,
X,10,X306,P.S. 306 - BRONX,1271,1495,75X186,P186X Walter J. Damrosch School,
X,10,X660,GRACE H. DODGE VOC HS - X,1189,1461,10X264,Bronx Academy for Software Engineering (BASE),
X,10,X660,GRACE H. DODGE VOC HS - X,1189,1461,10X524,Crotona International High School,
X,10,X660,GRACE H. DODGE VOC HS - X,1189,1461,10X565,High School for Energy and Technology,
X,11,X142,I.S. 142 - BRONX,979,1278,11X355,Bronx Alliance Middle School,
X,11,X142,I.S. 142 - BRONX,979,1278,11X529,One World Middle School at Edenwald,
X,11,X142,I.S. 142 - BRONX,979,1278,11X532,Baychester Middle School,
X,11,X144[7],I.S. 144 - BRONX,1114,1449,11X144,J.H.S. 144 Michelangelo,Y
X,11,X144,I.S. 144 - BRONX,1114,1449,11X566,Pelham Gardens Middle School,Y
X,11,X144,I.S. 144 - BRONX,1114,1449,84X484,Bronx Charter School for Better Learning II,Y
X,11,X362,I.S./H.S. 362 - BRONX,1259,1539,11X270,Academy for Scholarship and Entrepreneurship: A College Board School,
X,11,X362,I.S./H.S. 362 - BRONX,1259,1539,11X513,New World High School,
X,11,X362,I.S./H.S. 362 - BRONX,1259,1539,11X514,The Bronxwood Preparatory Academy,
X,11,X362,I.S./H.S. 362 - BRONX,1259,1539,75X754,J. M. Rapport School Career Development,
X,11,X425,EVANDER CHILDS HS - X,2528,2708,11X253,Bronx High School for Writing and Communication Arts,
X,11,X425,EVANDER CHILDS HS - X,2528,2708,11X265,Bronx Lab School,
X,11,X425,EVANDER CHILDS HS - X,2528,2708,11X275,High School of Computers and Technology,
X,11,X425,EVANDER CHILDS HS - X,2528,2708,11X290,Bronx Academy of Health Careers,
X,11,X425,EVANDER CHILDS HS - X,2528,2708,11X544,High School for Contemporary Arts,
X,11,X425,EVANDER CHILDS HS - X,2528,2708,11X545,Bronx Aerospace High School,
X,11,X425,EVANDER CHILDS HS - X,2528,2708,75X176,P.S. X176,
X,11,X425,EVANDER CHILDS HS - X,2528,2708,75X723,P.S. 723,
X,12,X006,P.S. 6 - BRONX,549,837,12X006,P.S. 006 West Farms,
X,12,X006,P.S. 6 - BRONX,549,837,88X994,ALC - PS 6,
X,12,X061,P.S. 61 - BRONX,539,717,12X061,P.S. 061 Francisco Oller,
X,12,X061,P.S. 61 - BRONX,539,717,12X190,E.S.M.T- I.S. 190,
X,12,X099,REV. J.A. POLITE AVE SCHOOL CAMPUS ,447,653,12X248,"Metropolitan High School, The",
X,12,X099,REV. J.A. POLITE AVE SCHOOL CAMPUS ,447,653,75X723,P.S. 723,
X,12,X116,I.S. 216 - BRONX,1055,1336,12X217,School of Performing Arts,Y
X,12,X116,I.S. 216 - BRONX,1055,1336,12X384,Entrada Academy,Y
X,12,X116,I.S. 216 - BRONX,1055,1336,84X346,South Bronx Classical Charter School,Y
X,12,X116,I.S. 216 - BRONX,1055,1336,84X587,New York Center for Autism Charter School Bronx,Y
X,12,X158,I.S. 158 - BRONX,1596,1813,12X267,Bronx Latin,
X,12,X158,I.S. 158 - BRONX,1596,1813,12X479,Bronx Career and College Preparatory High School,
X,12,X158,I.S. 158 - BRONX,1596,1813,84X482,Dr. Richard Izquierdo Health and Science Charter School,
X,12,X193,P.S. 211 - BRONX,1163,1371,12X211,P.S. 211,Y
X,12,X193,P.S. 211 - BRONX,1163,1371,12X318,"I.S. X318 Math, Science & Technology Through Arts",Y
X,12,X193,P.S. 211 - BRONX,1163,1371,84X124,Children's Aid College Prep Charter School,Y
X,12,X198,P.S. 198 - BRONX,701,862,12X212,P.S. 212,Y
X,12,X198,P.S. 198 - BRONX,701,862,12X463,Urban Scholars Community School,Y
X,12,X420[8],JAMES MONROE EDUCATIONAL CAMPUS - X,1671,2099,12X388,Pan American International High School at Monroe,Y
X,12,X420,JAMES MONROE EDUCATIONAL CAMPUS - X,1671,2099,12X428,Learning To Work YABC At Monroe Academy,Y
X,12,X420,JAMES MONROE EDUCATIONAL CAMPUS - X,1671,2099,12X428,Learning To Work YABC At Monroe Academy,Y
X,12,X420,JAMES MONROE EDUCATIONAL CAMPUS - X,1671,2099,12X521,The Metropolitan Soundview High School,Y
X,12,X420,JAMES MONROE EDUCATIONAL CAMPUS - X,1671,2099,12X550,High School of World Cultures,Y
X,12,X420,JAMES MONROE EDUCATIONAL CAMPUS - X,1671,2099,79M984,LYFE,Y
X,12,X420,JAMES MONROE EDUCATIONAL CAMPUS - X,1671,2099,88X995,ALC - Monroe Campus,Y
K,13,K044,P.S. 44 - BROOKLYN,502,756,13K044,P.S. 044 Marcus Garvey,
K,13,K044,P.S. 44 - BROOKLYN,502,756,84K757,Unity Prep Charter School,
K,13,K093[9],P.S. 93 - BROOKLYN,457,535,13K093,P.S. 093 William H. Prescott,Y
K,13,K117[10],I.S. 117 - BROOKLYN,744,1118,13K412,Brooklyn Community Arts & Media High School (BCAM),
K,13,K117,I.S. 117 - BROOKLYN,744,1118,13K616,Brooklyn High School for Leadership and Community Service,
K,13,K117,I.S. 117 - BROOKLYN,744,1118,75K369,P.S. K369 - Coy L. Cox School,
K,13,K117,I.S. 117 - BROOKLYN,744,1118,84K879,Brooklyn Prospect Charter School Downtown,
K,13,K270[11],P.S. 270 - BROOKLYN,288,604,13K270,P.S. 270 Johann DeKalb,
K,13,K270,P.S. 270 - BROOKLYN,288,604,84K702,Community Partnership Charter School,
K,13,K287,P.S. 287 - BROOKLYN,361,608,13K287,P.S. 287 Bailey K. Ashford,
K,13,K287,P.S. 287 - BROOKLYN,361,608,84K536,Community Roots Charter School,
K,14,K050,J.H.S. 50 - BROOKLYN,793,1033,14K050,J.H.S. 050 John D. Wells,
K,14,K050,J.H.S. 50 - BROOKLYN,793,1033,84K182,Success Academy Charter School - Williamsburg,
K,14,K084,P.S. 84 - BROOKLYN,799,1035,14K084,P.S. 084 Jose De Diego,
K,14,K250,P.S. 250 - BROOKLYN,558,839,14K250,P.S. 250 George H. Lindsay,
K,14,K318,I.S. 318 - BROOKLYN,1358,1616,14K318,I.S. 318 Eugenio Maria De Hostos,
K,15,K015,P.S. 15 - BROOKLYN,447,624,15K015,P.S. 015 Patrick F. Daly,
K,15,K804,COBBLE HILL SCL OF AMR STD (OL6)-K,611,844,15K519,Cobble Hill School of American Studies,
K,15,K804,COBBLE HILL SCL OF AMR STD (OL6)-K,611,844,75K373,P.S. 373 - Brooklyn Transition Center,
K,16,K021,P.S. 21 - BROOKLYN,599,769,16K021,P.S. 021 Crispus Attucks,
K,16,K021,P.S. 21 - BROOKLYN,599,769,75K140,P.S. K140,
K,16,K028,P.S. 28 - BROOKLYN,166,317,16K028,P.S. 028 The Warren Prep Academy,
K,16,K035,I.S. 35 - BROOKLYN,537,818,16K035,M.S. 035 Stephen Decatur,
K,16,K035,I.S. 35 - BROOKLYN,537,818,16K628,Brooklyn Brownstone School,
K,16,K035,I.S. 35 - BROOKLYN,537,818,75K141,P.S. K141,
K,16,K243,P.S. 243 - BROOKLYN,564,853,16K243,P.S. 243K- The Weeksville School,
K,16,K243,P.S. 243 - BROOKLYN,564,853,84K360,Launch Expeditionary Learning Charter School,
K,16,K262,P.S. 262 - BROOKLYN,381,612,16K262,P.S. 262 El Hajj Malik El Shabazz Elementary School,Y
K,16,K304,P.S. 304 - BROOKLYN,378,616,16K627,Brighter Choice Community School,
K,16,K304,P.S. 304 - BROOKLYN,378,616,75K140,P.S. K140,
K,17,K241,P.S. 241 - BROOKLYN,524,725,17K241,P.S. 241 Emma L. Johnston,
K,17,K289,P.S. 289 - BROOKLYN,450,743,17K289,P.S. 289 George V. Brower,
K,17,K289,P.S. 289 - BROOKLYN,450,743,75K396,P.S. K396,
K,17,K625,ROBESON HS COMP&BUS TC (A HML)-K,972,1247,17K122,Pathways in Technology Early College High School (P-Tech),
K,17,K625,ROBESON HS COMP&BUS TC (A HML)-K,972,1247,17K751,Academy for Health Careers,
K,17,K625,ROBESON HS COMP&BUS TC (A HML)-K,972,1247,79M984,LYFE,
K,17,K907[12],BROWNSVILLE DIPLOMA PLUS HS - K,248,704,17K568,Brownsville Academy High School,Y
K,17,K907,BROWNSVILLE DIPLOMA PLUS HS - K,248,704,84K757,Unity Prep Charter School,Y
K,18,K115,P.S. 115 - BROOKLYN,1014,1171,18K115,P.S. 115 Daniel Mucatel School,
K,18,K135,P.S. 135 - BROOKLYN,407,618,18K135,P.S. 135 Sheldon A. Brookner,
K,18,K208,P.S. 208 - BROOKLYN,436,593,18K208,P.S. 208 Elsa Ebeling,
K,18,K219,P.S. 219 - BROOKLYN,536,817,18K219,P.S. 219 Kennedy-King,
K,18,K244,P.S. 244 - BROOKLYN,775,1068,18K244,P.S. 244 Richard R. Green,
K,18,K244,P.S. 244 - BROOKLYN,775,1068,18K763,Brooklyn Science and Engineering Academy,
K,18,K268,P.S. 268 - BROOKLYN,424,627,18K268,P.S. 268 Emma Lazarus,
K,18,K272,P.S. 272 - BROOKLYN,488,738,18K272,P.S. 272 Curtis Estabrook,
K,18,K279,P.S. 279 - BROOKLYN,808,1012,18K279,P.S. 279 Herman Schreiber,
K,18,K279,P.S. 279 - BROOKLYN,808,1012,84K724,Leadership Prep Canarsie Charter School (Leadership Prep CS 4),
K,19,K171,I.S. 171 - BROOKLYN,756,915,19K171,I.S. 171 Abraham Lincoln,
K,19,K171,I.S. 171 - BROOKLYN,756,915,19K760,Highland Park Community School,
K,19,K174,P.S. 174 - BROOKLYN,479,729,19K557,Brooklyn Gardens Elementary School,
K,19,K174,P.S. 174 - BROOKLYN,479,729,19K663,School of the Future Brooklyn,
K,19,K213[13],P.S. 213 - BROOKLYN,331,686,19K213,P.S. 213 New Lots,
K,19,K224,P.S. 224 - BROOKLYN,481,690,19K224,P.S. 224 Hale A. Woodruff,
K,19,K224,P.S. 224 - BROOKLYN,481,690,75K036,P.S. 36,
K,19,K260,P.S. 260 - BROOKLYN,228,416,19K325,The Fresh Creek School,
K,19,K302,I.S. 302 - BROOKLYN,1297,1462,19K661,Vista Academy,
K,19,K302,I.S. 302 - BROOKLYN,1297,1462,19K662,Liberty Avenue Middle School,
K,19,K302,I.S. 302 - BROOKLYN,1297,1462,84K774,Achievement First Apollo Charter School,
K,19,K346,P.S. 346 - BROOKLYN,957,1155,19K346,P.S. 346 Abe Stark,
K,19,K346,P.S. 346 - BROOKLYN,957,1155,19K452,Frederick Douglass Academy VIII Middle School,
K,19,K364,I.S. 364 - BROOKLYN,322,484,19K364,I.S. 364 Gateway,
K,20,K062,I.S. 62 - BROOKLYN,1191,1378,20K062,J.H.S. 062 Ditmas,
K,20,K237,LUCRETIA MARCIGLIANO CAMPUS - K,1000,1154,20K682,The Academy of Talented Scholars,
K,20,K237,LUCRETIA MARCIGLIANO CAMPUS - K,1000,1154,20K686,Brooklyn School of Inquiry,
K,20,K237,LUCRETIA MARCIGLIANO CAMPUS - K,1000,1154,75K370,P.S. 370,
K,21,K329,P.S. 329 - BROOKLYN,555,720,21K329,P.S. 329 Surfside,
K,21,K329,P.S. 329 - BROOKLYN,555,720,75K771,P.S. K771,
K,22,K078,I.S. 78 - BROOKLYN,934,1225,22K078,J.H.S. 078 Roy H. Mann,
K,22,K078,I.S. 78 - BROOKLYN,934,1225,84K781,Success Academy Charter School - Bergen Beach - New York 4,
K,22,K197[14],P.S. 197 - BROOKLYN,930,1009,22K197,P.S. 197 - The Kings Highway Academy,
K,22,K278,I.S. 278 - BROOKLYN,1031,1305,22K278,J.H.S. 278 Marine Park,
K,23,K041,P.S. 41 - BROOKLYN,476,639,23K041,P.S. 041 Francis White,
K,23,K055,I.S. 55 - BROOKLYN,1143,1420,23K493,Brooklyn Collegiate: A College Board School,
K,23,K055,I.S. 55 - BROOKLYN,1143,1420,84K626,Achievement First Brownsville Charter School,
K,23,K150,P.S. 150 - BROOKLYN,510,688,23K150,P.S. 150 Christopher,
K,23,K150,P.S. 150 - BROOKLYN,510,688,84K710,Brownsville Collegiate Charter School,
K,23,K183,P.S. 183 - BROOKLYN,489,643,23K446,Riverdale Avenue Community School,
K,23,K183,P.S. 183 - BROOKLYN,489,643,23K668,Riverdale Avenue Middle School,
K,23,K184,P.S. 184 - BROOKLYN,509,749,23K184,P.S. 184 Newport,
K,23,K894,HS FOR PUBLIC SERVICE-ENY - K,459,652,23K646,Aspirations Diploma Plus High School,
K,23,K894,HS FOR PUBLIC SERVICE-ENY - K,459,652,79M984,LYFE,
K,23,K894,HS FOR PUBLIC SERVICE-ENY - K,459,652,84K395,Roads Charter School I,
Q,25,Q189,J.H.S. 189 - QUEENS,1176,1359,25Q189,J.H.S. 189 Daniel Carter Beard,
Q,25,Q189,J.H.S. 189 - QUEENS,1176,1359,25Q263,Flushing International High School,
Q,25,Q499,P.S./I.S. 499 - QUEENS,560,715,25Q499,"The Queens College School for Math, Science and Technology",
Q,25,Q499,P.S./I.S. 499 - QUEENS,560,715,75Q993,P.S. Q993,
Q,26,Q172,J.H.S. 172 - QUEENS,993,1219,26Q172,Irwin Altman Middle School 172,
Q,27,Q042,P.S. 42 - QUEENS,808,971,27Q042,P.S./M.S 042 R. Vernam,
Q,27,Q042,P.S. 42 - QUEENS,808,971,75Q233,P.S. Q233,
Q,27,Q053[15],I.S. 53 - QUEENS,782,1324,27Q053,M.S. 053 Brian Piccolo,Y
Q,27,Q053,I.S. 53 - QUEENS,782,1324,27Q319,Village Academy,Y
Q,27,Q053,I.S. 53 - QUEENS,782,1324,84Q375,Success Academy Charter School - Far Rockaway,Y
Q,27,Q183,P.S. 183 - QUEENS,575,746,27Q183,P.S. 183 Dr. Richard R. Green,
Q,27,Q226,I.S. 226 - QUEENS,1613,1825,27Q226,J.H.S. 226 Virgil I. Grissom,
Q,27,Q226,I.S. 226 - QUEENS,1613,1825,27Q297,Hawtree Creek Middle School,
Q,27,Q226,I.S. 226 - QUEENS,1613,1825,27Q314,Epic High School - South,
Q,27,Q226,I.S. 226 - QUEENS,1613,1825,75Q233,P.S. Q233,
Q,27,Q400[16],AUGUST MARTIN HS - QUEENS,1046,1793,27Q261,Voyages Prep - South Queens,
Q,27,Q400,AUGUST MARTIN HS - QUEENS,1046,1793,27Q400,August Martin High School,
Q,27,Q400,AUGUST MARTIN HS - QUEENS,1046,1793,79M973,Restart Academy,
Q,27,Q400,AUGUST MARTIN HS - QUEENS,1046,1793,79Q950,Pathways to Graduation,
Q,27,Q400,AUGUST MARTIN HS - QUEENS,1046,1793,84Q320,New Visions Charter High School for Advanced Math and Science IV,
Q,27,Q400,AUGUST MARTIN HS - QUEENS,1046,1793,88Q995,ALC - August Martin HS,
Q,27,Q410[17],Beach Channel Educational Campus,1632,2786,27Q262,Channel View School for Research,Y
Q,27,Q410,Beach Channel Educational Campus,1632,2786,27Q324,Rockaway Park High School for Environmental Sustainability,Y
Q,27,Q410,Beach Channel Educational Campus,1632,2786,27Q351,Rockaway Collegiate High School,Y
Q,27,Q410,Beach Channel Educational Campus,1632,2786,75Q256,P.S. Q256,Y
Q,27,Q410,Beach Channel Educational Campus,1632,2786,79M973,Restart Academy,Y
Q,27,Q410,Beach Channel Educational Campus,1632,2786,79M984,LYFE,Y
Q,27,Q410,Beach Channel Educational Campus,1632,2786,84Q373,New Visions Charter High School for the Humanities IV,Y
Q,27,Q410,Beach Channel Educational Campus,1632,2786,88Q996,ALC - Beach Channel Educational Complex,Y
Q,27,Q465,FAR ROCKAWAY HS - Q,1697,1861,27Q260,Frederick Douglass Academy VI High School,
Q,27,Q465,FAR ROCKAWAY HS - Q,1697,1861,27Q282,Knowledge and Power Preparatory Academy VI,
Q,27,Q465,FAR ROCKAWAY HS - Q,1697,1861,27Q302,"Queens High School for Information, Research, and Technology",
Q,27,Q465,FAR ROCKAWAY HS - Q,1697,1861,27Q309,Academy of Medical Technology: A College Board School,
Q,27,Q465,FAR ROCKAWAY HS - Q,1697,1861,79M984,LYFE,
Q,27,Q465,FAR ROCKAWAY HS - Q,1697,1861,79Q950,Pathways to Graduation,
Q,28,Q008,J.H.S. 8 - QUEENS,1349,1514,28Q008,J.H.S. 008 Richard S. Grossley,
Q,28,Q008,J.H.S. 8 - QUEENS,1349,1514,28Q284,York Early College Academy,
Q,28,Q008,J.H.S. 8 - QUEENS,1349,1514,28Q287,The Emerson School,
Q,28,Q050,P.S. 50 - QUEENS,811,988,28Q050,P.S. 050 Talfourd Lawn Elementary School,
Q,28,Q080,P.S. 80 - QUEENS,525,690,28Q080,PS 80  The Thurgood Marshall Magnet School of Multimedia and Communication,
Q,28,Q140,P.S. 140 - QUEENS,452,724,28Q140,P.S. 140 Edward K Ellington,
Q,28,Q314,P.S./ I.S. 314 - Queens,488,732,28Q349,The Queens School for Leadership and Excellence,Y
Q,28,Q314,P.S./ I.S. 314 - Queens,488,732,28Q358,M.S. 358,Y
Q,28,Q314,P.S./ I.S. 314 - Queens,488,732,75Q277,The Riverview School,Y
Q,28,Q595,AUX. SERV. - JAMAICA LEARN CT - Q,476,674,28Q338,Queens Satellite High School for Opportunity,
Q,28,Q595,AUX. SERV. - JAMAICA LEARN CT - Q,476,674,79Q950,Pathways to Graduation,
Q,29,Q059[18],I.S. 59 - QUEENS,899,1285,29Q059,I.S. 059 Springfield Gardens,Y
Q,29,Q059,I.S. 59 - QUEENS,899,1285,84Q339,Success Academy Charter School - Springfield Gardens - New York 6,Y
Q,29,Q118,P.S. 118 - QUEENS,510,695,29Q118,P.S. 118 Lorraine Hansberry,
Q,29,Q134,P.S. 134 - QUEENS,416,684,29Q134,P.S. 134 Hollis,
Q,29,Q156,P.S. 156 - QUEENS,519,748,29Q156,P.S. 156 Laurelton,
Q,29,Q156,P.S. 156 - QUEENS,519,748,29Q289,Queens United Middle School,
Q,29,Q176,P.S. 176 - QUEENS,737,927,29Q176,P.S. 176 Cambria Heights,
Q,29,Q181,P.S. 181 - QUEENS,335,532,29Q181,P.S. 181 Brookfield,
Q,30,Q010,I.S. 10 - QUEENS,754,1047,30Q010,I.S. 010 Horace Greeley,
Q,30,Q076,P.S. 76 - QUEENS,578,748,30Q076,P.S. 076 William Hallet,
Q,30,Q076,P.S. 76 - QUEENS,578,748,75Q277,The Riverview School,
Q,30,Q126,I.S. 126 - QUEENS,776,1015,30Q126,Albert Shanker School for Visual and Performing Arts,
Q,30,Q126,I.S. 126 - QUEENS,776,1015,30Q300,The 30th Avenue School (G&T Citywide),
Q,30,Q126,I.S. 126 - QUEENS,776,1015,88Q997,ALC - I.S. 126,
Q,30,Q141,I.S. 141 - QUEENS,1120,1323,30Q141,I.S. 141 The Steinway,
Q,30,Q171,P.S. 171 - QUEENS,484,742,30Q171,P.S. 171 Peter G. Van Alst,
Q,30,Q312,P.S./.IS. 78 - QUEENS,385,575,30Q078,P.S./I.S. 78Q,
Q,30,Q312,P.S./.IS. 78 - QUEENS,385,575,30Q389,District 30 Pre-K Center,
Q,30,Q312,P.S./.IS. 78 - QUEENS,385,575,75Q277,The Riverview School,
Q,30,Q445,WILLIAM C. BRYANT HS - Q,2386,2574,30Q445,William Cullen Bryant High School,
Q,30,Q445,WILLIAM C. BRYANT HS - Q,2386,2574,79Q950,Pathways to Graduation,
R,31,R024,I.S. 24 - STATEN ISLAND,1343,1558,31R024,I.S. 024 Myra S. Barnes,
R,31,R024,I.S. 24 - STATEN ISLAND,1343,1558,75R721,The Richard H. Hungerford School,
R,31,R059,THE HARBOR VIEW SCHOOL - STATEN ISLAND,244,475,31R059,The Harbor View School,
R,31,R061[19],I.S. 61 - STATEN ISLAND,1061,1410,31R061,I.S. 061 William A Morris,
R,31,R061,I.S. 61 - STATEN ISLAND,1061,1410,75R025,South Richmond High School I.S./P.S. 25,
R,31,R066,ECC @1625 FOREST AVENUE - STATEN ISLAND,55,260,31R066,The Richmond Pre-K Center,Y
R,31,R066,ECC @1625 FOREST AVENUE - STATEN ISLAND,55,260,31R068,Port Richmond School for Visionary Learning,Y
R,31,R435,NEW DORP HS (NEW) - S. I.,3070,3321,31R440,New Dorp High School,
R,31,R435,NEW DORP HS (NEW) - S. I.,3070,3321,75R025,South Richmond High School I.S./P.S. 25,
R,31,R435,NEW DORP HS (NEW) - S. I.,3070,3321,75R721,The Richard H. Hungerford School,
R,31,R801,AUX. SERV - ST. GEORGE SCHOOL-S.I.,146,325,79Q950,Pathways to Graduation,
R,31,R801,AUX. SERV - ST. GEORGE SCHOOL-S.I.,146,325,88R971,ALC - ST. Marks Place,
K,32,K123,P.S. 123 - BROOKLYN,672,917,32K123,P.S. 123 Suydam,
K,32,K151,P.S. 151 - BROOKLYN,342,559,32K151,P.S. 151 Lyndon B. Johnson,
K,32,K299,P.S. 299 - BROOKLYN,304,505,32K299,P.S. 299 Thomas Warren Field,
K,32,K377,P.S. 377 - BROOKLYN,678,848,32K377,P.S. 377 Alejandrina B. De Gautier,Y
K,32,K377,P.S. 377 - BROOKLYN,678,848,84K784,Achievement First North Brooklyn Prep Charter School,Y
K,32,K865,SECOND OPPORTUNITY SCHOOL - K,284,573,32K556,Bushwick Leaders High School for Academic Excellence,